ID,Год,Статус,Тип взыскания,Сумма,Количество,Номер ИП
7712040126,2017,Погашено,Выплаты в связи со смертью кормильца,68289.55,1,90302/17/77053-ИП
7712040126,2019,Погашено,Иные взыскания имущественного характера в пользу физических и юридических лиц,0.00,1,178584/19/77053-ИП
7712040126,2020,Погашено,Иные взыскания имущественного характера в пользу физических и юридических лиц,10000.00,3,30480/20/77053-ИП
7712040126,2020,Погашено,Иные взыскания имущественного характера в пользу физических и юридических лиц,10000.00,3,5917/20/77053-ИП
7712040126,2020,Погашено,Иные взыскания имущественного характера в пользу физических и юридических лиц,10000.00,3,64419/20/77053-ИП
7712040126,2021,Погашено,"Госпошлина, присужденная судом",123897.12,65,100496/21/77053-ИП
7712040126,2021,Погашено,"Госпошлина, присужденная судом",123897.12,65,100498/21/77053-ИП
7712040126,2021,Погашено,"Госпошлина, присужденная судом",123897.12,65,110274/21/77053-ИП
7712040126,2021,Погашено,"Госпошлина, присужденная судом",123897.12,65,117523/21/77053-ИП
7712040126,2021,Погашено,"Госпошлина, присужденная судом",123897.12,65,117529/21/77053-ИП
7712040126,2021,Погашено,"Госпошлина, присужденная судом",123897.12,65,131104/21/77053-ИП
7712040126,2021,Погашено,"Госпошлина, присужденная судом",123897.12,65,137875/21/27001-ИП
7712040126,2021,Погашено,"Госпошлина, присужденная судом",123897.12,65,137875/21/27001-ИП
7712040126,2021,Погашено,"Госпошлина, присужденная судом",123897.12,65,138005/21/77053-ИП
7712040126,2021,Погашено,"Госпошлина, присужденная судом",123897.12,65,138036/21/77053-ИП
7712040126,2021,Погашено,"Госпошлина, присужденная судом",123897.12,65,138041/21/77053-ИП
7712040126,2021,Погашено,"Госпошлина, присужденная судом",123897.12,65,138042/21/77053-ИП
7712040126,2021,Погашено,"Госпошлина, присужденная судом",123897.12,65,138045/21/77053-ИП
7712040126,2021,Погашено,"Госпошлина, присужденная судом",123897.12,65,138049/21/77053-ИП
7712040126,2021,Погашено,"Госпошлина, присужденная судом",123897.12,65,147235/21/77053-ИП
7712040126,2021,Погашено,"Госпошлина, присужденная судом",123897.12,65,147237/21/77053-ИП
7712040126,2021,Погашено,"Госпошлина, присужденная судом",123897.12,65,154555/21/77053-ИП
7712040126,2021,Погашено,"Госпошлина, присужденная судом",123897.12,65,159097/21/77053-ИП
7712040126,2021,Погашено,"Госпошлина, присужденная судом",123897.12,65,161453/21/77053-ИП
7712040126,2021,Погашено,"Госпошлина, присужденная судом",123897.12,65,164933/21/77053-ИП
7712040126,2021,Погашено,"Госпошлина, присужденная судом",123897.12,65,168391/21/77053-ИП
7712040126,2021,Погашено,"Госпошлина, присужденная судом",123897.12,65,174469/21/77053-ИП
7712040126,2021,Погашено,"Госпошлина, присужденная судом",123897.12,65,175101/21/77053-ИП
7712040126,2021,Погашено,"Госпошлина, присужденная судом",123897.12,65,175336/21/77053-ИП
7712040126,2021,Погашено,"Госпошлина, присужденная судом",123897.12,65,180551/21/77053-ИП
7712040126,2021,Погашено,"Госпошлина, присужденная судом",123897.12,65,187483/21/27001-ИП
7712040126,2021,Погашено,"Госпошлина, присужденная судом",123897.12,65,187483/21/27001-ИП
7712040126,2021,Погашено,"Госпошлина, присужденная судом",123897.12,65,189676/21/59060-ИП
7712040126,2021,Погашено,"Госпошлина, присужденная судом",123897.12,65,190922/21/77053-ИП
7712040126,2021,Погашено,"Госпошлина, присужденная судом",123897.12,65,192172/21/77053-ИП
7712040126,2021,Погашено,"Госпошлина, присужденная судом",123897.12,65,194766/21/77053-ИП
7712040126,2021,Погашено,"Госпошлина, присужденная судом",123897.12,65,196285/21/77053-ИП
7712040126,2021,Погашено,"Госпошлина, присужденная судом",123897.12,65,196559/21/77053-ИП
7712040126,2021,Погашено,"Госпошлина, присужденная судом",123897.12,65,197849/21/77053-ИП
7712040126,2021,Погашено,"Госпошлина, присужденная судом",123897.12,65,198528/21/77053-ИП
7712040126,2021,Погашено,"Госпошлина, присужденная судом",123897.12,65,200668/21/77053-ИП
7712040126,2021,Погашено,"Госпошлина, присужденная судом",123897.12,65,201870/21/77053-ИП
7712040126,2021,Погашено,"Госпошлина, присужденная судом",123897.12,65,201877/21/77053-ИП
7712040126,2021,Погашено,"Госпошлина, присужденная судом",123897.12,65,207231/21/77053-ИП
7712040126,2021,Погашено,"Госпошлина, присужденная судом",123897.12,65,209160/21/77053-ИП
7712040126,2021,Погашено,"Госпошлина, присужденная судом",123897.12,65,209777/21/77053-ИП
7712040126,2021,Погашено,"Госпошлина, присужденная судом",123897.12,65,210560/21/77053-ИП
7712040126,2021,Погашено,"Госпошлина, присужденная судом",123897.12,65,211553/21/77053-ИП
7712040126,2021,Погашено,"Госпошлина, присужденная судом",123897.12,65,211555/21/77053-ИП
7712040126,2021,Погашено,"Госпошлина, присужденная судом",123897.12,65,213766/21/77053-ИП
7712040126,2021,Погашено,"Госпошлина, присужденная судом",123897.12,65,29415/21/77053-ИП
7712040126,2021,Погашено,"Госпошлина, присужденная судом",123897.12,65,31566/21/77053-ИП
7712040126,2021,Погашено,"Госпошлина, присужденная судом",123897.12,65,41416/21/77053-ИП
7712040126,2021,Погашено,"Госпошлина, присужденная судом",123897.12,65,41560/21/77053-ИП
7712040126,2021,Погашено,"Госпошлина, присужденная судом",123897.12,65,42722/21/77053-ИП
7712040126,2021,Погашено,"Госпошлина, присужденная судом",123897.12,65,44344/21/77053-ИП
7712040126,2021,Погашено,"Госпошлина, присужденная судом",123897.12,65,44345/21/77053-ИП
7712040126,2021,Погашено,"Госпошлина, присужденная судом",123897.12,65,44596/21/77053-ИП
7712040126,2021,Погашено,"Госпошлина, присужденная судом",123897.12,65,49522/21/24014-ИП
7712040126,2021,Погашено,"Госпошлина, присужденная судом",123897.12,65,52113/21/77053-ИП
7712040126,2021,Погашено,"Госпошлина, присужденная судом",123897.12,65,58757/21/77053-ИП
7712040126,2021,Погашено,"Госпошлина, присужденная судом",123897.12,65,58759/21/77053-ИП
7712040126,2021,Погашено,"Госпошлина, присужденная судом",123897.12,65,58761/21/77053-ИП
7712040126,2021,Погашено,"Госпошлина, присужденная судом",123897.12,65,58765/21/77053-ИП
7712040126,2021,Погашено,"Госпошлина, присужденная судом",123897.12,65,68780/21/39002-ИП
7712040126,2021,Погашено,"Госпошлина, присужденная судом",123897.12,65,71581/21/77053-ИП
7712040126,2021,Погашено,"Госпошлина, присужденная судом",123897.12,65,76502/21/70024-ИП
7712040126,2021,Погашено,"Госпошлина, присужденная судом",123897.12,65,82910/21/77053-ИП
7712040126,2021,Погашено,"Госпошлина, присужденная судом",123897.12,65,96126/21/66005-ИП
7712040126,2021,Погашено,"Госпошлина, присужденная судом",123897.12,65,967/21/52005-ИП
7712040126,2021,Погашено,Не указано,10000.00,21,117967/21/77053-ИП
7712040126,2021,Погашено,Не указано,10000.00,21,117979/21/77053-ИП
7712040126,2021,Погашено,Не указано,10000.00,21,118008/21/77053-ИП
7712040126,2021,Погашено,Не указано,10000.00,21,118053/21/77053-ИП
7712040126,2021,Погашено,Не указано,10000.00,21,118089/21/77053-ИП
7712040126,2021,Погашено,Не указано,10000.00,21,118092/21/77053-ИП
7712040126,2021,Погашено,Не указано,10000.00,21,118105/21/77053-ИП
7712040126,2021,Погашено,Не указано,10000.00,21,118112/21/77053-ИП
7712040126,2021,Погашено,Не указано,10000.00,21,138027/21/77053-ИП
7712040126,2021,Погашено,Не указано,10000.00,21,138031/21/77053-ИП
7712040126,2021,Погашено,Не указано,10000.00,21,142546/21/77053-ИП
7712040126,2021,Погашено,Не указано,10000.00,21,142547/21/77053-ИП
7712040126,2021,Погашено,Не указано,10000.00,21,154130/21/77053-ИП
7712040126,2021,Погашено,Не указано,10000.00,21,154151/21/77053-ИП
7712040126,2021,Погашено,Не указано,10000.00,21,175052/21/77053-ИП
7712040126,2021,Погашено,Не указано,10000.00,21,175053/21/77053-ИП
7712040126,2021,Погашено,Не указано,10000.00,21,175054/21/77053-ИП
7712040126,2021,Погашено,Не указано,10000.00,21,175056/21/77053-ИП
7712040126,2021,Погашено,Не указано,10000.00,21,181435/21/77053-ИП
7712040126,2021,Погашено,Не указано,10000.00,21,190917/21/77053-ИП
7712040126,2021,Погашено,Не указано,10000.00,21,190920/21/77053-ИП
7712040126,2021,Погашено,Штраф ГИБДД,10000.00,8,141354/21/59060-ИП
7712040126,2021,Погашено,Штраф ГИБДД,10000.00,8,159183/21/59060-ИП
7712040126,2021,Погашено,Штраф ГИБДД,10000.00,8,3888517/21/77050-ИП
7712040126,2021,Погашено,Штраф ГИБДД,10000.00,8,42003/21/39026-ИП
7712040126,2021,Погашено,Штраф ГИБДД,10000.00,8,4319517/22/77050-ИП
7712040126,2021,Погашено,Штраф ГИБДД,10000.00,8,51994/21/39026-ИП
7712040126,2021,Погашено,Штраф ГИБДД,10000.00,8,54786/21/39026-ИП
7712040126,2021,Погашено,Штраф ГИБДД,10000.00,8,576840/21/77047-ИП
7712040126,2021,Погашено,Исполнительский сбор,0.00,23,126802/21/66005-ИП
7712040126,2021,Погашено,Исполнительский сбор,0.00,23,131672/21/77053-ИП
7712040126,2021,Погашено,Исполнительский сбор,0.00,23,131675/21/77053-ИП
7712040126,2021,Погашено,Исполнительский сбор,0.00,23,136829/21/77053-ИП
7712040126,2021,Погашено,Исполнительский сбор,0.00,23,162450/21/77053-ИП
7712040126,2021,Погашено,Исполнительский сбор,0.00,23,162451/21/77053-ИП
7712040126,2021,Погашено,Исполнительский сбор,0.00,23,162452/21/77053-ИП
7712040126,2021,Погашено,Исполнительский сбор,0.00,23,162453/21/77053-ИП
7712040126,2021,Погашено,Исполнительский сбор,0.00,23,162454/21/77053-ИП
7712040126,2021,Погашено,Исполнительский сбор,0.00,23,162627/21/77053-ИП
7712040126,2021,Погашено,Исполнительский сбор,0.00,23,167774/21/77053-ИП
7712040126,2021,Погашено,Исполнительский сбор,0.00,23,169283/21/77053-ИП
7712040126,2021,Погашено,Исполнительский сбор,0.00,23,187809/21/27001-ИП
7712040126,2021,Погашено,Исполнительский сбор,0.00,23,193018/21/77053-ИП
7712040126,2021,Погашено,Исполнительский сбор,0.00,23,193019/21/77053-ИП
7712040126,2021,Погашено,Исполнительский сбор,0.00,23,193020/21/77053-ИП
7712040126,2021,Погашено,Исполнительский сбор,0.00,23,193021/21/77053-ИП
7712040126,2021,Погашено,Исполнительский сбор,0.00,23,205735/21/77053-ИП
7712040126,2021,Погашено,Исполнительский сбор,0.00,23,205736/21/77053-ИП
7712040126,2021,Погашено,Исполнительский сбор,0.00,23,205743/21/77053-ИП
7712040126,2021,Погашено,Исполнительский сбор,0.00,23,205745/21/77053-ИП
7712040126,2021,Погашено,Исполнительский сбор,0.00,23,43820/21/52005-ИП
7712040126,2021,Погашено,Исполнительский сбор,0.00,23,78817/21/66005-ИП
7712040126,2021,Погашено,Иной вид исполнения неимущественного характера,0.00,1,34186/21/77053-ИП
7712040126,2021,Погашено,Моральный вред как самостоятельное требование,0.00,1,92850/21/24014-ИП
7712040126,2021,Погашено,Иные взыскания имущественного характера в пользу физических и юридических лиц,847689.25,51,116277/21/77053-ИП
7712040126,2021,Погашено,Иные взыскания имущественного характера в пользу физических и юридических лиц,847689.25,51,116278/21/77053-ИП
7712040126,2021,Погашено,Иные взыскания имущественного характера в пользу физических и юридических лиц,847689.25,51,124154/21/77053-ИП
7712040126,2021,Погашено,Иные взыскания имущественного характера в пользу физических и юридических лиц,847689.25,51,124155/21/77053-ИП
7712040126,2021,Погашено,Иные взыскания имущественного характера в пользу физических и юридических лиц,847689.25,51,126787/21/77053-ИП
7712040126,2021,Погашено,Иные взыскания имущественного характера в пользу физических и юридических лиц,847689.25,51,132054/21/77053-ИП
7712040126,2021,Погашено,Иные взыскания имущественного характера в пользу физических и юридических лиц,847689.25,51,132057/21/77053-ИП
7712040126,2021,Погашено,Иные взыскания имущественного характера в пользу физических и юридических лиц,847689.25,51,137929/21/77053-ИП
7712040126,2021,Погашено,Иные взыскания имущественного характера в пользу физических и юридических лиц,847689.25,51,140677/21/77053-ИП
7712040126,2021,Погашено,Иные взыскания имущественного характера в пользу физических и юридических лиц,847689.25,51,161243/21/77053-ИП
7712040126,2021,Погашено,Иные взыскания имущественного характера в пользу физических и юридических лиц,847689.25,51,161244/21/77053-ИП
7712040126,2021,Погашено,Иные взыскания имущественного характера в пользу физических и юридических лиц,847689.25,51,165671/21/77053-ИП
7712040126,2021,Погашено,Иные взыскания имущественного характера в пользу физических и юридических лиц,847689.25,51,191396/21/77053-ИП
7712040126,2021,Погашено,Иные взыскания имущественного характера в пользу физических и юридических лиц,847689.25,51,200665/21/77053-ИП
7712040126,2021,Погашено,Иные взыскания имущественного характера в пользу физических и юридических лиц,847689.25,51,200669/21/77053-ИП
7712040126,2021,Погашено,Иные взыскания имущественного характера в пользу физических и юридических лиц,847689.25,51,207678/21/77053-ИП
7712040126,2021,Погашено,Иные взыскания имущественного характера в пользу физических и юридических лиц,847689.25,51,211211/20/77053-ИП
7712040126,2021,Погашено,Иные взыскания имущественного характера в пользу физических и юридических лиц,847689.25,51,23847/21/77053-ИП
7712040126,2021,Погашено,Иные взыскания имущественного характера в пользу физических и юридических лиц,847689.25,51,24761/21/41017-ИП
7712040126,2021,Погашено,Иные взыскания имущественного характера в пользу физических и юридических лиц,847689.25,51,25999/21/66005-ИП
7712040126,2021,Погашено,Иные взыскания имущественного характера в пользу физических и юридических лиц,847689.25,51,26000/21/66005-ИП
7712040126,2021,Погашено,Иные взыскания имущественного характера в пользу физических и юридических лиц,847689.25,51,28116/21/77053-ИП
7712040126,2021,Погашено,Иные взыскания имущественного характера в пользу физических и юридических лиц,847689.25,51,28129/21/77053-ИП
7712040126,2021,Погашено,Иные взыскания имущественного характера в пользу физических и юридических лиц,847689.25,51,31905/21/77053-ИП
7712040126,2021,Погашено,Иные взыскания имущественного характера в пользу физических и юридических лиц,847689.25,51,44139/21/39002-ИП
7712040126,2021,Погашено,Иные взыскания имущественного характера в пользу физических и юридических лиц,847689.25,51,46877/21/77053-ИП
7712040126,2021,Погашено,Иные взыскания имущественного характера в пользу физических и юридических лиц,847689.25,51,49938/21/59004-ИП
7712040126,2021,Погашено,Иные взыскания имущественного характера в пользу физических и юридических лиц,847689.25,51,52458/21/77053-ИП
7712040126,2021,Погашено,Иные взыскания имущественного характера в пользу физических и юридических лиц,847689.25,51,52472/21/77053-ИП
7712040126,2021,Погашено,Иные взыскания имущественного характера в пользу физических и юридических лиц,847689.25,51,52473/21/77053-ИП
7712040126,2021,Погашено,Иные взыскания имущественного характера в пользу физических и юридических лиц,847689.25,51,52479/21/77053-ИП
7712040126,2021,Погашено,Иные взыскания имущественного характера в пользу физических и юридических лиц,847689.25,51,54475/21/77053-ИП
7712040126,2021,Погашено,Иные взыскания имущественного характера в пользу физических и юридических лиц,847689.25,51,54478/21/77053-ИП
7712040126,2021,Погашено,Иные взыскания имущественного характера в пользу физических и юридических лиц,847689.25,51,54479/21/77053-ИП
7712040126,2021,Погашено,Иные взыскания имущественного характера в пользу физических и юридических лиц,847689.25,51,54482/21/77053-ИП
7712040126,2021,Погашено,Иные взыскания имущественного характера в пользу физических и юридических лиц,847689.25,51,54483/21/77053-ИП
7712040126,2021,Погашено,Иные взыскания имущественного характера в пользу физических и юридических лиц,847689.25,51,56173/21/77053-ИП
7712040126,2021,Погашено,Иные взыскания имущественного характера в пользу физических и юридических лиц,847689.25,51,56175/21/77053-ИП
7712040126,2021,Погашено,Иные взыскания имущественного характера в пользу физических и юридических лиц,847689.25,51,58768/21/77053-ИП
7712040126,2021,Погашено,Иные взыскания имущественного характера в пользу физических и юридических лиц,847689.25,51,58774/21/77053-ИП
7712040126,2021,Погашено,Иные взыскания имущественного характера в пользу физических и юридических лиц,847689.25,51,59409/21/77053-ИП
7712040126,2021,Погашено,Иные взыскания имущественного характера в пользу физических и юридических лиц,847689.25,51,60148/21/77053-ИП
7712040126,2021,Погашено,Иные взыскания имущественного характера в пользу физических и юридических лиц,847689.25,51,60159/21/77053-ИП
7712040126,2021,Погашено,Иные взыскания имущественного характера в пользу физических и юридических лиц,847689.25,51,61049/21/77053-ИП
7712040126,2021,Погашено,Иные взыскания имущественного характера в пользу физических и юридических лиц,847689.25,51,61190/21/77053-ИП
7712040126,2021,Погашено,Иные взыскания имущественного характера в пользу физических и юридических лиц,847689.25,51,70801/21/77053-ИП
7712040126,2021,Погашено,Иные взыскания имущественного характера в пользу физических и юридических лиц,847689.25,51,73345/21/24014-ИП
7712040126,2021,Погашено,Иные взыскания имущественного характера в пользу физических и юридических лиц,847689.25,51,8763/21/77053-ИП
7712040126,2021,Погашено,Иные взыскания имущественного характера в пользу физических и юридических лиц,847689.25,51,8764/21/77053-ИП
7712040126,2021,Погашено,Иные взыскания имущественного характера в пользу физических и юридических лиц,847689.25,51,98582/21/77053-ИП
7712040126,2021,Погашено,Иные взыскания имущественного характера в пользу физических и юридических лиц,847689.25,51,98823/21/77053-ИП
7712040126,2022,Погашено,Исполнительский сбор,40000.00,16,10337/22/77053-ИП
7712040126,2022,Погашено,Исполнительский сбор,40000.00,16,104535/22/77053-ИП
7712040126,2022,Погашено,Исполнительский сбор,40000.00,16,104546/22/77053-ИП
7712040126,2022,Погашено,Исполнительский сбор,40000.00,16,271475/22/77053-ИП
7712040126,2022,Погашено,Исполнительский сбор,40000.00,16,271477/22/77053-ИП
7712040126,2022,Погашено,Исполнительский сбор,40000.00,16,271652/22/77053-ИП
7712040126,2022,Погашено,Исполнительский сбор,40000.00,16,62944/22/77053-ИП
7712040126,2022,Погашено,Исполнительский сбор,40000.00,16,62981/22/77053-ИП
7712040126,2022,Погашено,Исполнительский сбор,40000.00,16,77359/22/77053-ИП
7712040126,2022,Погашено,Исполнительский сбор,40000.00,16,78851/22/77053-ИП
7712040126,2022,Погашено,Исполнительский сбор,40000.00,16,78853/22/77053-ИП
7712040126,2022,Погашено,Исполнительский сбор,40000.00,16,78861/22/77053-ИП
7712040126,2022,Погашено,Исполнительский сбор,40000.00,16,937881/22/77047-ИП
7712040126,2022,Погашено,Исполнительский сбор,40000.00,16,937883/22/77047-ИП
7712040126,2022,Погашено,Исполнительский сбор,40000.00,16,937884/22/77047-ИП
7712040126,2022,Погашено,Исполнительский сбор,40000.00,16,937885/22/77047-ИП
7712040126,2022,Погашено,"Госпошлина, присужденная судом",10700.00,72,10936/22/59060-ИП
7712040126,2022,Погашено,"Госпошлина, присужденная судом",10700.00,72,111237/22/77053-ИП
7712040126,2022,Погашено,"Госпошлина, присужденная судом",10700.00,72,113193/22/77053-ИП
7712040126,2022,Погашено,"Госпошлина, присужденная судом",10700.00,72,113209/22/77053-ИП
7712040126,2022,Погашено,"Госпошлина, присужденная судом",10700.00,72,114757/22/77053-ИП
7712040126,2022,Погашено,"Госпошлина, присужденная судом",10700.00,72,125943/22/66005-ИП
7712040126,2022,Погашено,"Госпошлина, присужденная судом",10700.00,72,125946/22/77053-ИП
7712040126,2022,Погашено,"Госпошлина, присужденная судом",10700.00,72,127127/22/77053-ИП
7712040126,2022,Погашено,"Госпошлина, присужденная судом",10700.00,72,127139/22/77053-ИП
7712040126,2022,Погашено,"Госпошлина, присужденная судом",10700.00,72,127214/22/77053-ИП
7712040126,2022,Погашено,"Госпошлина, присужденная судом",10700.00,72,129030/22/77053-ИП
7712040126,2022,Погашено,"Госпошлина, присужденная судом",10700.00,72,133378/22/77053-ИП
7712040126,2022,Погашено,"Госпошлина, присужденная судом",10700.00,72,133383/22/77053-ИП
7712040126,2022,Погашено,"Госпошлина, присужденная судом",10700.00,72,133390/22/77053-ИП
7712040126,2022,Погашено,"Госпошлина, присужденная судом",10700.00,72,133392/22/77053-ИП
7712040126,2022,Погашено,"Госпошлина, присужденная судом",10700.00,72,133416/22/77053-ИП
7712040126,2022,Погашено,"Госпошлина, присужденная судом",10700.00,72,137297/22/77053-ИП
7712040126,2022,Погашено,"Госпошлина, присужденная судом",10700.00,72,138963/22/77053-ИП
7712040126,2022,Погашено,"Госпошлина, присужденная судом",10700.00,72,140239/22/77053-ИП
7712040126,2022,Погашено,"Госпошлина, присужденная судом",10700.00,72,140645/22/77053-ИП
7712040126,2022,Погашено,"Госпошлина, присужденная судом",10700.00,72,150080/22/77053-ИП
7712040126,2022,Погашено,"Госпошлина, присужденная судом",10700.00,72,153086/22/77053-ИП
7712040126,2022,Погашено,"Госпошлина, присужденная судом",10700.00,72,153087/22/77053-ИП
7712040126,2022,Погашено,"Госпошлина, присужденная судом",10700.00,72,153153/22/77053-ИП
7712040126,2022,Погашено,"Госпошлина, присужденная судом",10700.00,72,155857/22/77053-ИП
7712040126,2022,Погашено,"Госпошлина, присужденная судом",10700.00,72,157864/22/77053-ИП
7712040126,2022,Погашено,"Госпошлина, присужденная судом",10700.00,72,160400/22/77053-ИП
7712040126,2022,Погашено,"Госпошлина, присужденная судом",10700.00,72,161225/22/77053-ИП
7712040126,2022,Погашено,"Госпошлина, присужденная судом",10700.00,72,161226/22/77053-ИП
7712040126,2022,Погашено,"Госпошлина, присужденная судом",10700.00,72,161227/22/77053-ИП
7712040126,2022,Погашено,"Госпошлина, присужденная судом",10700.00,72,161251/22/77053-ИП
7712040126,2022,Погашено,"Госпошлина, присужденная судом",10700.00,72,161261/22/77053-ИП
7712040126,2022,Погашено,"Госпошлина, присужденная судом",10700.00,72,161265/22/77053-ИП
7712040126,2022,Погашено,"Госпошлина, присужденная судом",10700.00,72,170352/22/77053-ИП
7712040126,2022,Погашено,"Госпошлина, присужденная судом",10700.00,72,173713/22/77053-ИП
7712040126,2022,Погашено,"Госпошлина, присужденная судом",10700.00,72,174741/22/77053-ИП
7712040126,2022,Погашено,"Госпошлина, присужденная судом",10700.00,72,174742/22/77053-ИП
7712040126,2022,Погашено,"Госпошлина, присужденная судом",10700.00,72,174748/22/77053-ИП
7712040126,2022,Погашено,"Госпошлина, присужденная судом",10700.00,72,181321/22/77053-ИП
7712040126,2022,Погашено,"Госпошлина, присужденная судом",10700.00,72,184843/22/77053-ИП
7712040126,2022,Погашено,"Госпошлина, присужденная судом",10700.00,72,194004/22/77053-ИП
7712040126,2022,Погашено,"Госпошлина, присужденная судом",10700.00,72,194024/22/77053-ИП
7712040126,2022,Погашено,"Госпошлина, присужденная судом",10700.00,72,194036/22/77053-ИП
7712040126,2022,Погашено,"Госпошлина, присужденная судом",10700.00,72,194036/22/77053-ИП
7712040126,2022,Погашено,"Госпошлина, присужденная судом",10700.00,72,208862/22/77053-ИП
7712040126,2022,Погашено,"Госпошлина, присужденная судом",10700.00,72,210573/22/77053-ИП
7712040126,2022,Погашено,"Госпошлина, присужденная судом",10700.00,72,211700/22/77053-ИП
7712040126,2022,Погашено,"Госпошлина, присужденная судом",10700.00,72,214195/21/77053-ИП
7712040126,2022,Погашено,"Госпошлина, присужденная судом",10700.00,72,214585/21/77053-ИП
7712040126,2022,Погашено,"Госпошлина, присужденная судом",10700.00,72,215278/22/77053-ИП
7712040126,2022,Погашено,"Госпошлина, присужденная судом",10700.00,72,215280/22/77053-ИП
7712040126,2022,Погашено,"Госпошлина, присужденная судом",10700.00,72,227506/22/77053-ИП
7712040126,2022,Погашено,"Госпошлина, присужденная судом",10700.00,72,227509/22/77053-ИП
7712040126,2022,Погашено,"Госпошлина, присужденная судом",10700.00,72,228327/22/77053-ИП
7712040126,2022,Погашено,"Госпошлина, присужденная судом",10700.00,72,228939/22/77053-ИП
7712040126,2022,Погашено,"Госпошлина, присужденная судом",10700.00,72,241475/22/77053-ИП
7712040126,2022,Погашено,"Госпошлина, присужденная судом",10700.00,72,243145/22/77053-ИП
7712040126,2022,Погашено,"Госпошлина, присужденная судом",10700.00,72,243146/22/77053-ИП
7712040126,2022,Погашено,"Госпошлина, присужденная судом",10700.00,72,25358/22/29023-ИП
7712040126,2022,Погашено,"Госпошлина, присужденная судом",10700.00,72,25507/22/66005-ИП
7712040126,2022,Погашено,"Госпошлина, присужденная судом",10700.00,72,259741/22/77053-ИП
7712040126,2022,Погашено,"Госпошлина, присужденная судом",10700.00,72,276017/22/77053-ИП
7712040126,2022,Погашено,"Госпошлина, присужденная судом",10700.00,72,40591/22/77053-ИП
7712040126,2022,Погашено,"Госпошлина, присужденная судом",10700.00,72,4792/22/77053-ИП
7712040126,2022,Погашено,"Госпошлина, присужденная судом",10700.00,72,51657/22/77053-ИП
7712040126,2022,Погашено,"Госпошлина, присужденная судом",10700.00,72,52756/22/77053-ИП
7712040126,2022,Погашено,"Госпошлина, присужденная судом",10700.00,72,60371/22/77053-ИП
7712040126,2022,Погашено,"Госпошлина, присужденная судом",10700.00,72,63769/22/77053-ИП
7712040126,2022,Погашено,"Госпошлина, присужденная судом",10700.00,72,88049/22/78019-ИП
7712040126,2022,Погашено,"Госпошлина, присужденная судом",10700.00,72,89155/22/77053-ИП
7712040126,2022,Погашено,"Госпошлина, присужденная судом",10700.00,72,95691/22/77056-ИП
7712040126,2022,Погашено,"Госпошлина, присужденная судом",10700.00,72,98646/22/77053-ИП
7712040126,2022,Погашено,Не указано,5893.39,6,110401/22/77053-ИП
7712040126,2022,Погашено,Не указано,5893.39,6,14074/22/77053-ИП
7712040126,2022,Погашено,Не указано,5893.39,6,14170/22/77053-ИП
7712040126,2022,Погашено,Не указано,5893.39,6,14186/22/77053-ИП
7712040126,2022,Погашено,Не указано,5893.39,6,14187/22/77053-ИП
7712040126,2022,Погашено,Не указано,5893.39,6,99906/22/77053-ИП
7712040126,2022,Погашено,Иные взыскания имущественного характера в пользу физических и юридических лиц,593129.80,34,110173/22/78019-ИП
7712040126,2022,Погашено,Иные взыскания имущественного характера в пользу физических и юридических лиц,593129.80,34,110188/22/78019-ИП
7712040126,2022,Погашено,Иные взыскания имущественного характера в пользу физических и юридических лиц,593129.80,34,117844/22/77053-ИП
7712040126,2022,Погашено,Иные взыскания имущественного характера в пользу физических и юридических лиц,593129.80,34,128023/22/77053-ИП
7712040126,2022,Погашено,Иные взыскания имущественного характера в пользу физических и юридических лиц,593129.80,34,13374/22/77053-ИП
7712040126,2022,Погашено,Иные взыскания имущественного характера в пользу физических и юридических лиц,593129.80,34,139227/22/77053-ИП
7712040126,2022,Погашено,Иные взыскания имущественного характера в пользу физических и юридических лиц,593129.80,34,152168/22/77053-ИП
7712040126,2022,Погашено,Иные взыскания имущественного характера в пользу физических и юридических лиц,593129.80,34,154187/22/77053-ИП
7712040126,2022,Погашено,Иные взыскания имущественного характера в пользу физических и юридических лиц,593129.80,34,193467/22/77053-ИП
7712040126,2022,Погашено,Иные взыскания имущественного характера в пользу физических и юридических лиц,593129.80,34,193470/22/77053-ИП
7712040126,2022,Погашено,Иные взыскания имущественного характера в пользу физических и юридических лиц,593129.80,34,1947/22/77053-ИП
7712040126,2022,Погашено,Иные взыскания имущественного характера в пользу физических и юридических лиц,593129.80,34,1955/22/77053-ИП
7712040126,2022,Погашено,Иные взыскания имущественного характера в пользу физических и юридических лиц,593129.80,34,198866/22/77053-ИП
7712040126,2022,Погашено,Иные взыскания имущественного характера в пользу физических и юридических лиц,593129.80,34,199833/22/77053-ИП
7712040126,2022,Погашено,Иные взыскания имущественного характера в пользу физических и юридических лиц,593129.80,34,211699/22/77053-ИП
7712040126,2022,Погашено,Иные взыскания имущественного характера в пользу физических и юридических лиц,593129.80,34,21358/22/77053-ИП
7712040126,2022,Погашено,Иные взыскания имущественного характера в пользу физических и юридических лиц,593129.80,34,227809/22/77053-ИП
7712040126,2022,Погашено,Иные взыскания имущественного характера в пользу физических и юридических лиц,593129.80,34,236795/22/77053-ИП
7712040126,2022,Погашено,Иные взыскания имущественного характера в пользу физических и юридических лиц,593129.80,34,240208/22/77053-ИП
7712040126,2022,Погашено,Иные взыскания имущественного характера в пользу физических и юридических лиц,593129.80,34,244619/22/77053-ИП
7712040126,2022,Погашено,Иные взыскания имущественного характера в пользу физических и юридических лиц,593129.80,34,251558/22/77053-ИП
7712040126,2022,Погашено,Иные взыскания имущественного характера в пользу физических и юридических лиц,593129.80,34,281852/22/77053-ИП
7712040126,2022,Погашено,Иные взыскания имущественного характера в пользу физических и юридических лиц,593129.80,34,281853/22/77053-ИП
7712040126,2022,Погашено,Иные взыскания имущественного характера в пользу физических и юридических лиц,593129.80,34,287782/22/77053-ИП
7712040126,2022,Погашено,Иные взыскания имущественного характера в пользу физических и юридических лиц,593129.80,34,287790/22/77053-ИП
7712040126,2022,Погашено,Иные взыскания имущественного характера в пользу физических и юридических лиц,593129.80,34,37212/22/41017-ИП
7712040126,2022,Погашено,Иные взыскания имущественного характера в пользу физических и юридических лиц,593129.80,34,37330/22/77053-ИП
7712040126,2022,Погашено,Иные взыскания имущественного характера в пользу физических и юридических лиц,593129.80,34,38851/22/77053-ИП
7712040126,2022,Погашено,Иные взыскания имущественного характера в пользу физических и юридических лиц,593129.80,34,55456/22/78019-ИП
7712040126,2022,Погашено,Иные взыскания имущественного характера в пользу физических и юридических лиц,593129.80,34,64919/22/77053-ИП
7712040126,2022,Погашено,Иные взыскания имущественного характера в пользу физических и юридических лиц,593129.80,34,78426/22/78022-ИП
7712040126,2022,Погашено,Иные взыскания имущественного характера в пользу физических и юридических лиц,593129.80,34,78427/22/78022-ИП
7712040126,2022,Погашено,Иные взыскания имущественного характера в пользу физических и юридических лиц,593129.80,34,81406/22/77053-ИП
7712040126,2022,Погашено,Иные взыскания имущественного характера в пользу физических и юридических лиц,593129.80,34,96706/22/77053-ИП
7712040126,2022,Погашено,Штраф ГИБДД,546500.00,140,110188/22/77047-ИП
7712040126,2022,Погашено,Штраф ГИБДД,546500.00,140,195863/22/14042-ИП
7712040126,2022,Погашено,Штраф ГИБДД,546500.00,140,220381/22/14042-ИП
7712040126,2022,Погашено,Штраф ГИБДД,546500.00,140,222813/22/77047-ИП
7712040126,2022,Погашено,Штраф ГИБДД,546500.00,140,222838/22/77047-ИП
7712040126,2022,Погашено,Штраф ГИБДД,546500.00,140,222941/22/77047-ИП
7712040126,2022,Погашено,Штраф ГИБДД,546500.00,140,222965/22/77047-ИП
7712040126,2022,Погашено,Штраф ГИБДД,546500.00,140,223161/22/77047-ИП
7712040126,2022,Погашено,Штраф ГИБДД,546500.00,140,225434/22/77047-ИП
7712040126,2022,Погашено,Штраф ГИБДД,546500.00,140,246187/22/77047-ИП
7712040126,2022,Погашено,Штраф ГИБДД,546500.00,140,246193/22/77047-ИП
7712040126,2022,Погашено,Штраф ГИБДД,546500.00,140,246212/22/77047-ИП
7712040126,2022,Погашено,Штраф ГИБДД,546500.00,140,246219/22/77047-ИП
7712040126,2022,Погашено,Штраф ГИБДД,546500.00,140,246264/22/77047-ИП
7712040126,2022,Погашено,Штраф ГИБДД,546500.00,140,246276/22/77047-ИП
7712040126,2022,Погашено,Штраф ГИБДД,546500.00,140,246284/22/77047-ИП
7712040126,2022,Погашено,Штраф ГИБДД,546500.00,140,265982/22/77047-ИП
7712040126,2022,Погашено,Штраф ГИБДД,546500.00,140,266129/22/77047-ИП
7712040126,2022,Погашено,Штраф ГИБДД,546500.00,140,291763/22/14042-ИП
7712040126,2022,Погашено,Штраф ГИБДД,546500.00,140,291763/22/14042-ИП
7712040126,2022,Погашено,Штраф ГИБДД,546500.00,140,29464/22/14042-ИП
7712040126,2022,Погашено,Штраф ГИБДД,546500.00,140,302443/22/77047-ИП
7712040126,2022,Погашено,Штраф ГИБДД,546500.00,140,302606/22/77047-ИП
7712040126,2022,Погашено,Штраф ГИБДД,546500.00,140,303070/22/78012-ИП
7712040126,2022,Погашено,Штраф ГИБДД,546500.00,140,319478/22/59060-ИП
7712040126,2022,Погашено,Штраф ГИБДД,546500.00,140,333465/22/14042-ИП
7712040126,2022,Погашено,Штраф ГИБДД,546500.00,140,338311/22/77047-ИП
7712040126,2022,Погашено,Штраф ГИБДД,546500.00,140,339113/22/77047-ИП
7712040126,2022,Погашено,Штраф ГИБДД,546500.00,140,339168/22/77047-ИП
7712040126,2022,Погашено,Штраф ГИБДД,546500.00,140,351301/22/77047-ИП
7712040126,2022,Погашено,Штраф ГИБДД,546500.00,140,351399/22/77047-ИП
7712040126,2022,Погашено,Штраф ГИБДД,546500.00,140,351405/22/77047-ИП
7712040126,2022,Погашено,Штраф ГИБДД,546500.00,140,351452/22/77047-ИП
7712040126,2022,Погашено,Штраф ГИБДД,546500.00,140,365118/22/59060-ИП
7712040126,2022,Погашено,Штраф ГИБДД,546500.00,140,379507/22/77047-ИП
7712040126,2022,Погашено,Штраф ГИБДД,546500.00,140,379536/22/77047-ИП
7712040126,2022,Погашено,Штраф ГИБДД,546500.00,140,379564/22/77047-ИП
7712040126,2022,Погашено,Штраф ГИБДД,546500.00,140,379571/22/77047-ИП
7712040126,2022,Погашено,Штраф ГИБДД,546500.00,140,379589/22/77047-ИП
7712040126,2022,Погашено,Штраф ГИБДД,546500.00,140,379654/22/77047-ИП
7712040126,2022,Погашено,Штраф ГИБДД,546500.00,140,379712/22/77047-ИП
7712040126,2022,Погашено,Штраф ГИБДД,546500.00,140,379744/22/77047-ИП
7712040126,2022,Погашено,Штраф ГИБДД,546500.00,140,379835/22/77047-ИП
7712040126,2022,Погашено,Штраф ГИБДД,546500.00,140,379852/22/77047-ИП
7712040126,2022,Погашено,Штраф ГИБДД,546500.00,140,379921/22/77047-ИП
7712040126,2022,Погашено,Штраф ГИБДД,546500.00,140,379933/22/77047-ИП
7712040126,2022,Погашено,Штраф ГИБДД,546500.00,140,379986/22/77047-ИП
7712040126,2022,Погашено,Штраф ГИБДД,546500.00,140,380154/22/77047-ИП
7712040126,2022,Погашено,Штраф ГИБДД,546500.00,140,380862/22/77047-ИП
7712040126,2022,Погашено,Штраф ГИБДД,546500.00,140,381502/22/77047-ИП
7712040126,2022,Погашено,Штраф ГИБДД,546500.00,140,395914/22/77047-ИП
7712040126,2022,Погашено,Штраф ГИБДД,546500.00,140,398727/22/77047-ИП
7712040126,2022,Погашено,Штраф ГИБДД,546500.00,140,398807/22/77047-ИП
7712040126,2022,Погашено,Штраф ГИБДД,546500.00,140,398821/22/77047-ИП
7712040126,2022,Погашено,Штраф ГИБДД,546500.00,140,398825/22/77047-ИП
7712040126,2022,Погашено,Штраф ГИБДД,546500.00,140,398859/22/77047-ИП
7712040126,2022,Погашено,Штраф ГИБДД,546500.00,140,398904/22/77047-ИП
7712040126,2022,Погашено,Штраф ГИБДД,546500.00,140,398928/22/77047-ИП
7712040126,2022,Погашено,Штраф ГИБДД,546500.00,140,400501/22/77047-ИП
7712040126,2022,Погашено,Штраф ГИБДД,546500.00,140,400570/22/77047-ИП
7712040126,2022,Погашено,Штраф ГИБДД,546500.00,140,400579/22/77047-ИП
7712040126,2022,Погашено,Штраф ГИБДД,546500.00,140,400583/22/77047-ИП
7712040126,2022,Погашено,Штраф ГИБДД,546500.00,140,400644/22/77047-ИП
7712040126,2022,Погашено,Штраф ГИБДД,546500.00,140,419989/22/77047-ИП
7712040126,2022,Погашено,Штраф ГИБДД,546500.00,140,420042/22/77047-ИП
7712040126,2022,Погашено,Штраф ГИБДД,546500.00,140,420326/22/77047-ИП
7712040126,2022,Погашено,Штраф ГИБДД,546500.00,140,421394/22/77047-ИП
7712040126,2022,Погашено,Штраф ГИБДД,546500.00,140,421451/22/77047-ИП
7712040126,2022,Погашено,Штраф ГИБДД,546500.00,140,421468/22/77047-ИП
7712040126,2022,Погашено,Штраф ГИБДД,546500.00,140,439242/22/77047-ИП
7712040126,2022,Погашено,Штраф ГИБДД,546500.00,140,439244/22/77047-ИП
7712040126,2022,Погашено,Штраф ГИБДД,546500.00,140,439354/22/77047-ИП
7712040126,2022,Погашено,Штраф ГИБДД,546500.00,140,439440/22/77047-ИП
7712040126,2022,Погашено,Штраф ГИБДД,546500.00,140,481676/22/77047-ИП
7712040126,2022,Погашено,Штраф ГИБДД,546500.00,140,481780/22/77047-ИП
7712040126,2022,Погашено,Штраф ГИБДД,546500.00,140,481789/22/77047-ИП
7712040126,2022,Погашено,Штраф ГИБДД,546500.00,140,503668/22/77047-ИП
7712040126,2022,Погашено,Штраф ГИБДД,546500.00,140,503698/22/77047-ИП
7712040126,2022,Погашено,Штраф ГИБДД,546500.00,140,503699/22/77047-ИП
7712040126,2022,Погашено,Штраф ГИБДД,546500.00,140,504432/22/77047-ИП
7712040126,2022,Погашено,Штраф ГИБДД,546500.00,140,504457/22/77047-ИП
7712040126,2022,Погашено,Штраф ГИБДД,546500.00,140,514224/22/77047-ИП
7712040126,2022,Погашено,Штраф ГИБДД,546500.00,140,531570/22/77047-ИП
7712040126,2022,Погашено,Штраф ГИБДД,546500.00,140,532035/22/77047-ИП
7712040126,2022,Погашено,Штраф ГИБДД,546500.00,140,532042/22/77047-ИП
7712040126,2022,Погашено,Штраф ГИБДД,546500.00,140,532043/22/77047-ИП
7712040126,2022,Погашено,Штраф ГИБДД,546500.00,140,532253/22/77047-ИП
7712040126,2022,Погашено,Штраф ГИБДД,546500.00,140,532255/22/77047-ИП
7712040126,2022,Погашено,Штраф ГИБДД,546500.00,140,532480/22/77047-ИП
7712040126,2022,Погашено,Штраф ГИБДД,546500.00,140,532489/22/77047-ИП
7712040126,2022,Погашено,Штраф ГИБДД,546500.00,140,532711/22/77047-ИП
7712040126,2022,Погашено,Штраф ГИБДД,546500.00,140,533552/22/77047-ИП
7712040126,2022,Погашено,Штраф ГИБДД,546500.00,140,534379/22/77047-ИП
7712040126,2022,Погашено,Штраф ГИБДД,546500.00,140,534474/22/77047-ИП
7712040126,2022,Погашено,Штраф ГИБДД,546500.00,140,534603/22/77047-ИП
7712040126,2022,Погашено,Штраф ГИБДД,546500.00,140,538028/22/77047-ИП
7712040126,2022,Погашено,Штраф ГИБДД,546500.00,140,538079/22/77047-ИП
7712040126,2022,Погашено,Штраф ГИБДД,546500.00,140,560127/22/77047-ИП
7712040126,2022,Погашено,Штраф ГИБДД,546500.00,140,560527/22/77047-ИП
7712040126,2022,Погашено,Штраф ГИБДД,546500.00,140,561596/22/77047-ИП
7712040126,2023,Погашено,Оплата труда и иные выплаты по трудовым правоотношениям,0.00,2,388075/23/77053-ИП
7712040126,2023,Погашено,Оплата труда и иные выплаты по трудовым правоотношениям,0.00,2,388076/23/77053-ИП
7712040126,2023,Погашено,Иные взыскания имущественного характера в пользу физических и юридических лиц,379145.12,59,100007/23/77053-ИП
7712040126,2023,Погашено,Иные взыскания имущественного характера в пользу физических и юридических лиц,379145.12,59,110994/23/77053-ИП
7712040126,2023,Погашено,Иные взыскания имущественного характера в пользу физических и юридических лиц,379145.12,59,128914/23/77053-ИП
7712040126,2023,Погашено,Иные взыскания имущественного характера в пользу физических и юридических лиц,379145.12,59,144396/23/77053-ИП
7712040126,2023,Погашено,Иные взыскания имущественного характера в пользу физических и юридических лиц,379145.12,59,150960/23/18030-ИП
7712040126,2023,Погашено,Иные взыскания имущественного характера в пользу физических и юридических лиц,379145.12,59,16465/23/77053-ИП
7712040126,2023,Погашено,Иные взыскания имущественного характера в пользу физических и юридических лиц,379145.12,59,193802/23/77053-ИП
7712040126,2023,Погашено,Иные взыскания имущественного характера в пользу физических и юридических лиц,379145.12,59,193804/23/77053-ИП
7712040126,2023,Погашено,Иные взыскания имущественного характера в пользу физических и юридических лиц,379145.12,59,196000/23/77053-ИП
7712040126,2023,Погашено,Иные взыскания имущественного характера в пользу физических и юридических лиц,379145.12,59,211762/23/77053-ИП
7712040126,2023,Погашено,Иные взыскания имущественного характера в пользу физических и юридических лиц,379145.12,59,224000/23/77053-ИП
7712040126,2023,Погашено,Иные взыскания имущественного характера в пользу физических и юридических лиц,379145.12,59,262851/23/77053-ИП
7712040126,2023,Погашено,Иные взыскания имущественного характера в пользу физических и юридических лиц,379145.12,59,272066/23/77053-ИП
7712040126,2023,Погашено,Иные взыскания имущественного характера в пользу физических и юридических лиц,379145.12,59,275409/23/77053-ИП
7712040126,2023,Погашено,Иные взыскания имущественного характера в пользу физических и юридических лиц,379145.12,59,275443/23/77053-ИП
7712040126,2023,Погашено,Иные взыскания имущественного характера в пользу физических и юридических лиц,379145.12,59,275444/23/77053-ИП
7712040126,2023,Погашено,Иные взыскания имущественного характера в пользу физических и юридических лиц,379145.12,59,286866/23/77053-ИП
7712040126,2023,Погашено,Иные взыскания имущественного характера в пользу физических и юридических лиц,379145.12,59,305436/23/77053-ИП
7712040126,2023,Погашено,Иные взыскания имущественного характера в пользу физических и юридических лиц,379145.12,59,308041/23/77053-ИП
7712040126,2023,Погашено,Иные взыскания имущественного характера в пользу физических и юридических лиц,379145.12,59,308051/23/77053-ИП
7712040126,2023,Погашено,Иные взыскания имущественного характера в пользу физических и юридических лиц,379145.12,59,308350/23/77053-ИП
7712040126,2023,Погашено,Иные взыскания имущественного характера в пользу физических и юридических лиц,379145.12,59,3119/23/78022-ИП
7712040126,2023,Погашено,Иные взыскания имущественного характера в пользу физических и юридических лиц,379145.12,59,318961/23/77053-ИП
7712040126,2023,Погашено,Иные взыскания имущественного характера в пользу физических и юридических лиц,379145.12,59,32354/23/77053-ИП
7712040126,2023,Погашено,Иные взыскания имущественного характера в пользу физических и юридических лиц,379145.12,59,336016/23/77053-ИП
7712040126,2023,Погашено,Иные взыскания имущественного характера в пользу физических и юридических лиц,379145.12,59,349324/23/77053-ИП
7712040126,2023,Погашено,Иные взыскания имущественного характера в пользу физических и юридических лиц,379145.12,59,352943/23/77053-ИП
7712040126,2023,Погашено,Иные взыскания имущественного характера в пользу физических и юридических лиц,379145.12,59,363058/23/77053-ИП
7712040126,2023,Погашено,Иные взыскания имущественного характера в пользу физических и юридических лиц,379145.12,59,39847/23/77053-ИП
7712040126,2023,Погашено,Иные взыскания имущественного характера в пользу физических и юридических лиц,379145.12,59,39851/23/77053-ИП
7712040126,2023,Погашено,Иные взыскания имущественного характера в пользу физических и юридических лиц,379145.12,59,39852/23/77053-ИП
7712040126,2023,Погашено,Иные взыскания имущественного характера в пользу физических и юридических лиц,379145.12,59,398781/23/77053-ИП
7712040126,2023,Погашено,Иные взыскания имущественного характера в пользу физических и юридических лиц,379145.12,59,403582/23/77053-ИП
7712040126,2023,Погашено,Иные взыскания имущественного характера в пользу физических и юридических лиц,379145.12,59,40902/23/77053-ИП
7712040126,2023,Погашено,Иные взыскания имущественного характера в пользу физических и юридических лиц,379145.12,59,433332/23/77053-ИП
7712040126,2023,Погашено,Иные взыскания имущественного характера в пользу физических и юридических лиц,379145.12,59,433333/23/77053-ИП
7712040126,2023,Погашено,Иные взыскания имущественного характера в пользу физических и юридических лиц,379145.12,59,463212/23/77053-ИП
7712040126,2023,Погашено,Иные взыскания имущественного характера в пользу физических и юридических лиц,379145.12,59,476596/24/77053-ИП
7712040126,2023,Погашено,Иные взыскания имущественного характера в пользу физических и юридических лиц,379145.12,59,481152/23/77053-ИП
7712040126,2023,Погашено,Иные взыскания имущественного характера в пользу физических и юридических лиц,379145.12,59,481165/23/77053-ИП
7712040126,2023,Погашено,Иные взыскания имущественного характера в пользу физических и юридических лиц,379145.12,59,481253/23/77053-ИП
7712040126,2023,Погашено,Иные взыскания имущественного характера в пользу физических и юридических лиц,379145.12,59,507186/23/77053-ИП
7712040126,2023,Погашено,Иные взыскания имущественного характера в пользу физических и юридических лиц,379145.12,59,513771/23/77053-ИП
7712040126,2023,Погашено,Иные взыскания имущественного характера в пользу физических и юридических лиц,379145.12,59,51567/23/77053-ИП
7712040126,2023,Погашено,Иные взыскания имущественного характера в пользу физических и юридических лиц,379145.12,59,51579/23/77053-ИП
7712040126,2023,Погашено,Иные взыскания имущественного характера в пользу физических и юридических лиц,379145.12,59,51583/23/77053-ИП
7712040126,2023,Погашено,Иные взыскания имущественного характера в пользу физических и юридических лиц,379145.12,59,518082/23/77053-ИП
7712040126,2023,Погашено,Иные взыскания имущественного характера в пользу физических и юридических лиц,379145.12,59,520884/23/77053-ИП
7712040126,2023,Погашено,Иные взыскания имущественного характера в пользу физических и юридических лиц,379145.12,59,520888/23/77053-ИП
7712040126,2023,Погашено,Иные взыскания имущественного характера в пользу физических и юридических лиц,379145.12,59,520890/23/77053-ИП
7712040126,2023,Погашено,Иные взыскания имущественного характера в пользу физических и юридических лиц,379145.12,59,54218/23/77053-ИП
7712040126,2023,Погашено,Иные взыскания имущественного характера в пользу физических и юридических лиц,379145.12,59,54248/23/77053-ИП
7712040126,2023,Погашено,Иные взыскания имущественного характера в пользу физических и юридических лиц,379145.12,59,62140/23/77053-ИП
7712040126,2023,Погашено,Иные взыскания имущественного характера в пользу физических и юридических лиц,379145.12,59,73266/23/77053-ИП
7712040126,2023,Погашено,Иные взыскания имущественного характера в пользу физических и юридических лиц,379145.12,59,76663/23/77053-ИП
7712040126,2023,Погашено,Иные взыскания имущественного характера в пользу физических и юридических лиц,379145.12,59,84633/23/77053-ИП
7712040126,2023,Погашено,Иные взыскания имущественного характера в пользу физических и юридических лиц,379145.12,59,85922/23/77053-ИП
7712040126,2023,Погашено,Иные взыскания имущественного характера в пользу физических и юридических лиц,379145.12,59,98848/23/77053-ИП
7712040126,2023,Погашено,Иные взыскания имущественного характера в пользу физических и юридических лиц,379145.12,59,9965/23/77053-ИП
7712040126,2023,Погашено,Исполнительский сбор,190000.00,65,1019928/22/77047-ИП
7712040126,2023,Погашено,Исполнительский сбор,190000.00,65,1024287/22/77047-ИП
7712040126,2023,Погашено,Исполнительский сбор,190000.00,65,182248/23/77047-ИП
7712040126,2023,Погашено,Исполнительский сбор,190000.00,65,184944/23/77047-ИП
7712040126,2023,Погашено,Исполнительский сбор,190000.00,65,184945/23/77047-ИП
7712040126,2023,Погашено,Исполнительский сбор,190000.00,65,184946/23/77047-ИП
7712040126,2023,Погашено,Исполнительский сбор,190000.00,65,184950/23/77047-ИП
7712040126,2023,Погашено,Исполнительский сбор,190000.00,65,184953/23/77047-ИП
7712040126,2023,Погашено,Исполнительский сбор,190000.00,65,184955/23/77047-ИП
7712040126,2023,Погашено,Исполнительский сбор,190000.00,65,184956/23/77047-ИП
7712040126,2023,Погашено,Исполнительский сбор,190000.00,65,268304/23/77047-ИП
7712040126,2023,Погашено,Исполнительский сбор,190000.00,65,317624/23/77047-ИП
7712040126,2023,Погашено,Исполнительский сбор,190000.00,65,317635/23/77047-ИП
7712040126,2023,Погашено,Исполнительский сбор,190000.00,65,426235/23/77047-ИП
7712040126,2023,Погашено,Исполнительский сбор,190000.00,65,426236/23/77047-ИП
7712040126,2023,Погашено,Исполнительский сбор,190000.00,65,452457/23/77047-ИП
7712040126,2023,Погашено,Исполнительский сбор,190000.00,65,477047/23/77047-ИП
7712040126,2023,Погашено,Исполнительский сбор,190000.00,65,74914/23/77047-ИП
7712040126,2023,Погашено,Исполнительский сбор,190000.00,65,74916/23/77047-ИП
7712040126,2023,Погашено,Исполнительский сбор,190000.00,65,74917/23/77047-ИП
7712040126,2023,Погашено,Исполнительский сбор,190000.00,65,74918/23/77047-ИП
7712040126,2023,Погашено,Исполнительский сбор,190000.00,65,74920/23/77047-ИП
7712040126,2023,Погашено,Исполнительский сбор,190000.00,65,74922/23/77047-ИП
7712040126,2023,Погашено,Исполнительский сбор,190000.00,65,74923/23/77047-ИП
7712040126,2023,Погашено,Исполнительский сбор,190000.00,65,74925/23/77047-ИП
7712040126,2023,Погашено,Исполнительский сбор,190000.00,65,74926/23/77047-ИП
7712040126,2023,Погашено,Исполнительский сбор,190000.00,65,74928/23/77047-ИП
7712040126,2023,Погашено,Исполнительский сбор,190000.00,65,83716/23/77047-ИП
7712040126,2023,Погашено,Исполнительский сбор,190000.00,65,83842/23/77047-ИП
7712040126,2023,Погашено,Исполнительский сбор,190000.00,65,83843/23/77047-ИП
7712040126,2023,Погашено,Исполнительский сбор,190000.00,65,83844/23/77047-ИП
7712040126,2023,Погашено,Исполнительский сбор,190000.00,65,84349/23/77047-ИП
7712040126,2023,Погашено,Исполнительский сбор,190000.00,65,84403/23/77047-ИП
7712040126,2023,Погашено,Исполнительский сбор,190000.00,65,85082/23/77047-ИП
7712040126,2023,Погашено,Исполнительский сбор,190000.00,65,85084/23/77047-ИП
7712040126,2023,Погашено,Исполнительский сбор,190000.00,65,85085/23/77047-ИП
7712040126,2023,Погашено,Исполнительский сбор,190000.00,65,85087/23/77047-ИП
7712040126,2023,Погашено,Исполнительский сбор,190000.00,65,85103/23/77047-ИП
7712040126,2023,Погашено,Исполнительский сбор,190000.00,65,85105/23/77047-ИП
7712040126,2023,Погашено,Исполнительский сбор,190000.00,65,85106/23/77047-ИП
7712040126,2023,Погашено,Исполнительский сбор,190000.00,65,85108/23/77047-ИП
7712040126,2023,Погашено,Исполнительский сбор,190000.00,65,85110/23/77047-ИП
7712040126,2023,Погашено,Исполнительский сбор,190000.00,65,85112/23/77047-ИП
7712040126,2023,Погашено,Исполнительский сбор,190000.00,65,85113/23/77047-ИП
7712040126,2023,Погашено,Исполнительский сбор,190000.00,65,85115/23/77047-ИП
7712040126,2023,Погашено,Исполнительский сбор,190000.00,65,85117/23/77047-ИП
7712040126,2023,Погашено,Исполнительский сбор,190000.00,65,85119/23/77047-ИП
7712040126,2023,Погашено,Исполнительский сбор,190000.00,65,85120/23/77047-ИП
7712040126,2023,Погашено,Исполнительский сбор,190000.00,65,85122/23/77047-ИП
7712040126,2023,Погашено,Исполнительский сбор,190000.00,65,85123/23/77047-ИП
7712040126,2023,Погашено,Исполнительский сбор,190000.00,65,85125/23/77047-ИП
7712040126,2023,Погашено,Исполнительский сбор,190000.00,65,85127/23/77047-ИП
7712040126,2023,Погашено,Исполнительский сбор,190000.00,65,85475/23/77047-ИП
7712040126,2023,Погашено,Исполнительский сбор,190000.00,65,85476/23/77047-ИП
7712040126,2023,Погашено,Исполнительский сбор,190000.00,65,85477/23/77047-ИП
7712040126,2023,Погашено,Исполнительский сбор,190000.00,65,85478/23/77047-ИП
7712040126,2023,Погашено,Исполнительский сбор,190000.00,65,85479/23/77047-ИП
7712040126,2023,Погашено,Исполнительский сбор,190000.00,65,85481/23/77047-ИП
7712040126,2023,Погашено,Исполнительский сбор,190000.00,65,85483/23/77047-ИП
7712040126,2023,Погашено,Исполнительский сбор,190000.00,65,85485/23/77047-ИП
7712040126,2023,Погашено,Исполнительский сбор,190000.00,65,85486/23/77047-ИП
7712040126,2023,Погашено,Исполнительский сбор,190000.00,65,85487/23/77047-ИП
7712040126,2023,Погашено,Исполнительский сбор,190000.00,65,85488/23/77047-ИП
7712040126,2023,Погашено,Исполнительский сбор,190000.00,65,85489/23/77047-ИП
7712040126,2023,Погашено,Исполнительский сбор,190000.00,65,85490/23/77047-ИП
7712040126,2023,Погашено,"Госпошлина, присужденная судом",15648.13,75,10115/23/77053-ИП
7712040126,2023,Погашено,"Госпошлина, присужденная судом",15648.13,75,101744/23/77053-ИП
7712040126,2023,Погашено,"Госпошлина, присужденная судом",15648.13,75,113733/23/77053-ИП
7712040126,2023,Погашено,"Госпошлина, присужденная судом",15648.13,75,12057/23/77053-ИП
7712040126,2023,Погашено,"Госпошлина, присужденная судом",15648.13,75,12058/23/77053-ИП
7712040126,2023,Погашено,"Госпошлина, присужденная судом",15648.13,75,128913/23/77053-ИП
7712040126,2023,Погашено,"Госпошлина, присужденная судом",15648.13,75,132803/23/77053-ИП
7712040126,2023,Погашено,"Госпошлина, присужденная судом",15648.13,75,141722/23/77053-ИП
7712040126,2023,Погашено,"Госпошлина, присужденная судом",15648.13,75,145025/23/77053-ИП
7712040126,2023,Погашено,"Госпошлина, присужденная судом",15648.13,75,151255/23/77053-ИП
7712040126,2023,Погашено,"Госпошлина, присужденная судом",15648.13,75,155960/23/24014-ИП
7712040126,2023,Погашено,"Госпошлина, присужденная судом",15648.13,75,162370/23/77053-ИП
7712040126,2023,Погашено,"Госпошлина, присужденная судом",15648.13,75,162372/23/77053-ИП
7712040126,2023,Погашено,"Госпошлина, присужденная судом",15648.13,75,162373/23/77053-ИП
7712040126,2023,Погашено,"Госпошлина, присужденная судом",15648.13,75,16464/23/77053-ИП
7712040126,2023,Погашено,"Госпошлина, присужденная судом",15648.13,75,164689/23/77053-ИП
7712040126,2023,Погашено,"Госпошлина, присужденная судом",15648.13,75,165773/23/77053-ИП
7712040126,2023,Погашено,"Госпошлина, присужденная судом",15648.13,75,166952/23/24014-ИП
7712040126,2023,Погашено,"Госпошлина, присужденная судом",15648.13,75,167261/23/77053-ИП
7712040126,2023,Погашено,"Госпошлина, присужденная судом",15648.13,75,167268/23/77053-ИП
7712040126,2023,Погашено,"Госпошлина, присужденная судом",15648.13,75,169559/23/77055-ИП
7712040126,2023,Погашено,"Госпошлина, присужденная судом",15648.13,75,175198/23/77053-ИП
7712040126,2023,Погашено,"Госпошлина, присужденная судом",15648.13,75,178394/23/77053-ИП
7712040126,2023,Погашено,"Госпошлина, присужденная судом",15648.13,75,181905/23/77053-ИП
7712040126,2023,Погашено,"Госпошлина, присужденная судом",15648.13,75,18829/23/77053-ИП
7712040126,2023,Погашено,"Госпошлина, присужденная судом",15648.13,75,193519/23/77053-ИП
7712040126,2023,Погашено,"Госпошлина, присужденная судом",15648.13,75,197486/23/77053-ИП
7712040126,2023,Погашено,"Госпошлина, присужденная судом",15648.13,75,197490/23/77053-ИП
7712040126,2023,Погашено,"Госпошлина, присужденная судом",15648.13,75,197505/23/77053-ИП
7712040126,2023,Погашено,"Госпошлина, присужденная судом",15648.13,75,22709/23/77053-ИП
7712040126,2023,Погашено,"Госпошлина, присужденная судом",15648.13,75,245967/23/77053-ИП
7712040126,2023,Погашено,"Госпошлина, присужденная судом",15648.13,75,245973/23/77053-ИП
7712040126,2023,Погашено,"Госпошлина, присужденная судом",15648.13,75,24829/23/77053-ИП
7712040126,2023,Погашено,"Госпошлина, присужденная судом",15648.13,75,24829/23/77053-ИП
7712040126,2023,Погашено,"Госпошлина, присужденная судом",15648.13,75,2496/23/77053-ИП
7712040126,2023,Погашено,"Госпошлина, присужденная судом",15648.13,75,2496/23/77053-ИП
7712040126,2023,Погашено,"Госпошлина, присужденная судом",15648.13,75,2502/23/77053-ИП
7712040126,2023,Погашено,"Госпошлина, присужденная судом",15648.13,75,2502/23/77053-ИП
7712040126,2023,Погашено,"Госпошлина, присужденная судом",15648.13,75,2504/23/77053-ИП
7712040126,2023,Погашено,"Госпошлина, присужденная судом",15648.13,75,2506/23/77053-ИП
7712040126,2023,Погашено,"Госпошлина, присужденная судом",15648.13,75,2508/23/77053-ИП
7712040126,2023,Погашено,"Госпошлина, присужденная судом",15648.13,75,2510/23/77053-ИП
7712040126,2023,Погашено,"Госпошлина, присужденная судом",15648.13,75,2512/23/77053-ИП
7712040126,2023,Погашено,"Госпошлина, присужденная судом",15648.13,75,26048/23/77053-ИП
7712040126,2023,Погашено,"Госпошлина, присужденная судом",15648.13,75,261199/23/77053-ИП
7712040126,2023,Погашено,"Госпошлина, присужденная судом",15648.13,75,272068/23/77053-ИП
7712040126,2023,Погашено,"Госпошлина, присужденная судом",15648.13,75,281372/23/77053-ИП
7712040126,2023,Погашено,"Госпошлина, присужденная судом",15648.13,75,281375/23/77053-ИП
7712040126,2023,Погашено,"Госпошлина, присужденная судом",15648.13,75,283975/23/77053-ИП
7712040126,2023,Погашено,"Госпошлина, присужденная судом",15648.13,75,286401/23/77053-ИП
7712040126,2023,Погашено,"Госпошлина, присужденная судом",15648.13,75,290554/23/77053-ИП
7712040126,2023,Погашено,"Госпошлина, присужденная судом",15648.13,75,297428/22/77053-ИП
7712040126,2023,Погашено,"Госпошлина, присужденная судом",15648.13,75,30415/23/77053-ИП
7712040126,2023,Погашено,"Госпошлина, присужденная судом",15648.13,75,310761/23/77053-ИП
7712040126,2023,Погашено,"Госпошлина, присужденная судом",15648.13,75,340270/23/77053-ИП
7712040126,2023,Погашено,"Госпошлина, присужденная судом",15648.13,75,341456/23/77053-ИП
7712040126,2023,Погашено,"Госпошлина, присужденная судом",15648.13,75,349274/23/77053-ИП
7712040126,2023,Погашено,"Госпошлина, присужденная судом",15648.13,75,3545/23/77053-ИП
7712040126,2023,Погашено,"Госпошлина, присужденная судом",15648.13,75,4026/23/77053-ИП
7712040126,2023,Погашено,"Госпошлина, присужденная судом",15648.13,75,43625/23/77053-ИП
7712040126,2023,Погашено,"Госпошлина, присужденная судом",15648.13,75,4988/23/77053-ИП
7712040126,2023,Погашено,"Госпошлина, присужденная судом",15648.13,75,4992/23/77053-ИП
7712040126,2023,Погашено,"Госпошлина, присужденная судом",15648.13,75,4995/23/77053-ИП
7712040126,2023,Погашено,"Госпошлина, присужденная судом",15648.13,75,4995/23/77053-ИП
7712040126,2023,Погашено,"Госпошлина, присужденная судом",15648.13,75,51473/23/77053-ИП
7712040126,2023,Погашено,"Госпошлина, присужденная судом",15648.13,75,54216/23/77053-ИП
7712040126,2023,Погашено,"Госпошлина, присужденная судом",15648.13,75,54251/23/77053-ИП
7712040126,2023,Погашено,"Госпошлина, присужденная судом",15648.13,75,57423/23/27001-ИП
7712040126,2023,Погашено,"Госпошлина, присужденная судом",15648.13,75,61778/23/77053-ИП
7712040126,2023,Погашено,"Госпошлина, присужденная судом",15648.13,75,61784/23/77053-ИП
7712040126,2023,Погашено,"Госпошлина, присужденная судом",15648.13,75,62824/23/77053-ИП
7712040126,2023,Погашено,"Госпошлина, присужденная судом",15648.13,75,79034/23/77053-ИП
7712040126,2023,Погашено,"Госпошлина, присужденная судом",15648.13,75,8650/23/77053-ИП
7712040126,2023,Погашено,"Госпошлина, присужденная судом",15648.13,75,8895/23/77053-ИП
7712040126,2023,Погашено,"Госпошлина, присужденная судом",15648.13,75,9365/23/77053-ИП
7712040126,2023,Погашено,Штраф ГИБДД,1000.00,8,23852/23/77047-ИП
7712040126,2023,Погашено,Штраф ГИБДД,1000.00,8,25570/23/77047-ИП
7712040126,2023,Погашено,Штраф ГИБДД,1000.00,8,38024/23/24017-ИП
7712040126,2023,Погашено,Штраф ГИБДД,1000.00,8,49323/23/77047-ИП
7712040126,2023,Погашено,Штраф ГИБДД,1000.00,8,648877/22/77047-ИП
7712040126,2023,Погашено,Штраф ГИБДД,1000.00,8,765907/23/77047-ИП
7712040126,2023,Погашено,Штраф ГИБДД,1000.00,8,906196/22/77047-ИП
7712040126,2023,Погашено,Штраф ГИБДД,1000.00,8,923517/22/77047-ИП
7712040126,2023,Погашено,Не указано,0.00,2,165777/23/77053-ИП
7712040126,2023,Погашено,Не указано,0.00,2,86730/23/77053-ИП
7712040126,2024,Погашено,Исполнительский сбор,0.00,1,986799/24/77053-ИП
7712040126,2024,Погашено,Иные взыскания имущественного характера в пользу физических и юридических лиц,273350.00,131,100463/24/77053-ИП
7712040126,2024,Погашено,Иные взыскания имущественного характера в пользу физических и юридических лиц,273350.00,131,106312/24/77053-ИП
7712040126,2024,Погашено,Иные взыскания имущественного характера в пользу физических и юридических лиц,273350.00,131,1184/24/77053-ИП
7712040126,2024,Погашено,Иные взыскания имущественного характера в пользу физических и юридических лиц,273350.00,131,128040/24/77053-ИП
7712040126,2024,Погашено,Иные взыскания имущественного характера в пользу физических и юридических лиц,273350.00,131,136040/24/77053-ИП
7712040126,2024,Погашено,Иные взыскания имущественного характера в пользу физических и юридических лиц,273350.00,131,145579/24/77053-ИП
7712040126,2024,Погашено,Иные взыскания имущественного характера в пользу физических и юридических лиц,273350.00,131,147931/24/77053-ИП
7712040126,2024,Погашено,Иные взыскания имущественного характера в пользу физических и юридических лиц,273350.00,131,151693/24/77053-ИП
7712040126,2024,Погашено,Иные взыскания имущественного характера в пользу физических и юридических лиц,273350.00,131,152632/24/77053-ИП
7712040126,2024,Погашено,Иные взыскания имущественного характера в пользу физических и юридических лиц,273350.00,131,155291/24/77053-ИП
7712040126,2024,Погашено,Иные взыскания имущественного характера в пользу физических и юридических лиц,273350.00,131,158018/24/77053-ИП
7712040126,2024,Погашено,Иные взыскания имущественного характера в пользу физических и юридических лиц,273350.00,131,160/24/77053-ИП
7712040126,2024,Погашено,Иные взыскания имущественного характера в пользу физических и юридических лиц,273350.00,131,168213/24/77053-ИП
7712040126,2024,Погашено,Иные взыскания имущественного характера в пользу физических и юридических лиц,273350.00,131,176272/24/77053-ИП
7712040126,2024,Погашено,Иные взыскания имущественного характера в пользу физических и юридических лиц,273350.00,131,176470/24/77053-ИП
7712040126,2024,Погашено,Иные взыскания имущественного характера в пользу физических и юридических лиц,273350.00,131,176523/24/77053-ИП
7712040126,2024,Погашено,Иные взыскания имущественного характера в пользу физических и юридических лиц,273350.00,131,187564/24/77053-ИП
7712040126,2024,Погашено,Иные взыскания имущественного характера в пользу физических и юридических лиц,273350.00,131,187572/24/77053-ИП
7712040126,2024,Погашено,Иные взыскания имущественного характера в пользу физических и юридических лиц,273350.00,131,202652/24/77053-ИП
7712040126,2024,Погашено,Иные взыскания имущественного характера в пользу физических и юридических лиц,273350.00,131,232506/24/24014-ИП
7712040126,2024,Погашено,Иные взыскания имущественного характера в пользу физических и юридических лиц,273350.00,131,246286/24/77053-ИП
7712040126,2024,Погашено,Иные взыскания имущественного характера в пользу физических и юридических лиц,273350.00,131,280512/24/77053-ИП
7712040126,2024,Погашено,Иные взыскания имущественного характера в пользу физических и юридических лиц,273350.00,131,284561/24/77053-ИП
7712040126,2024,Погашено,Иные взыскания имущественного характера в пользу физических и юридических лиц,273350.00,131,284672/24/77053-ИП
7712040126,2024,Погашено,Иные взыскания имущественного характера в пользу физических и юридических лиц,273350.00,131,291320/24/77053-ИП
7712040126,2024,Погашено,Иные взыскания имущественного характера в пользу физических и юридических лиц,273350.00,131,295821/24/77053-ИП
7712040126,2024,Погашено,Иные взыскания имущественного характера в пользу физических и юридических лиц,273350.00,131,307955/24/77053-ИП
7712040126,2024,Погашено,Иные взыскания имущественного характера в пользу физических и юридических лиц,273350.00,131,329492/24/77053-ИП
7712040126,2024,Погашено,Иные взыскания имущественного характера в пользу физических и юридических лиц,273350.00,131,329785/24/77053-ИП
7712040126,2024,Погашено,Иные взыскания имущественного характера в пользу физических и юридических лиц,273350.00,131,331757/24/77053-ИП
7712040126,2024,Погашено,Иные взыскания имущественного характера в пользу физических и юридических лиц,273350.00,131,363378/24/77053-ИП
7712040126,2024,Погашено,Иные взыскания имущественного характера в пользу физических и юридических лиц,273350.00,131,363380/24/77053-ИП
7712040126,2024,Погашено,Иные взыскания имущественного характера в пользу физических и юридических лиц,273350.00,131,363388/24/77053-ИП
7712040126,2024,Погашено,Иные взыскания имущественного характера в пользу физических и юридических лиц,273350.00,131,367717/24/77053-ИП
7712040126,2024,Погашено,Иные взыскания имущественного характера в пользу физических и юридических лиц,273350.00,131,367796/24/77053-ИП
7712040126,2024,Погашено,Иные взыскания имущественного характера в пользу физических и юридических лиц,273350.00,131,375080/24/77053-ИП
7712040126,2024,Погашено,Иные взыскания имущественного характера в пользу физических и юридических лиц,273350.00,131,388343/24/77053-ИП
7712040126,2024,Погашено,Иные взыскания имущественного характера в пользу физических и юридических лиц,273350.00,131,402832/24/77053-ИП
7712040126,2024,Погашено,Иные взыскания имущественного характера в пользу физических и юридических лиц,273350.00,131,405887/24/77053-ИП
7712040126,2024,Погашено,Иные взыскания имущественного характера в пользу физических и юридических лиц,273350.00,131,405891/24/77053-ИП
7712040126,2024,Погашено,Иные взыскания имущественного характера в пользу физических и юридических лиц,273350.00,131,410083/24/77053-ИП
7712040126,2024,Погашено,Иные взыскания имущественного характера в пользу физических и юридических лиц,273350.00,131,420010/24/77053-ИП
7712040126,2024,Погашено,Иные взыскания имущественного характера в пользу физических и юридических лиц,273350.00,131,421538/24/77053-ИП
7712040126,2024,Погашено,Иные взыскания имущественного характера в пользу физических и юридических лиц,273350.00,131,445242/24/77053-ИП
7712040126,2024,Погашено,Иные взыскания имущественного характера в пользу физических и юридических лиц,273350.00,131,445245/24/77053-ИП
7712040126,2024,Погашено,Иные взыскания имущественного характера в пользу физических и юридических лиц,273350.00,131,456384/24/77053-ИП
7712040126,2024,Погашено,Иные взыскания имущественного характера в пользу физических и юридических лиц,273350.00,131,461150/24/77053-ИП
7712040126,2024,Погашено,Иные взыскания имущественного характера в пользу физических и юридических лиц,273350.00,131,483851/24/77053-ИП
7712040126,2024,Погашено,Иные взыскания имущественного характера в пользу физических и юридических лиц,273350.00,131,486789/24/77053-ИП
7712040126,2024,Погашено,Иные взыскания имущественного характера в пользу физических и юридических лиц,273350.00,131,492030/24/77053-ИП
7712040126,2024,Погашено,Иные взыскания имущественного характера в пользу физических и юридических лиц,273350.00,131,492610/24/77053-ИП
7712040126,2024,Погашено,Иные взыскания имущественного характера в пользу физических и юридических лиц,273350.00,131,492643/24/77053-ИП
7712040126,2024,Погашено,Иные взыскания имущественного характера в пользу физических и юридических лиц,273350.00,131,494842/24/77053-ИП
7712040126,2024,Погашено,Иные взыскания имущественного характера в пользу физических и юридических лиц,273350.00,131,498361/24/77053-ИП
7712040126,2024,Погашено,Иные взыскания имущественного характера в пользу физических и юридических лиц,273350.00,131,498396/24/77053-ИП
7712040126,2024,Погашено,Иные взыскания имущественного характера в пользу физических и юридических лиц,273350.00,131,503277/24/77053-ИП
7712040126,2024,Погашено,Иные взыскания имущественного характера в пользу физических и юридических лиц,273350.00,131,504002/24/77053-ИП
7712040126,2024,Погашено,Иные взыскания имущественного характера в пользу физических и юридических лиц,273350.00,131,504036/24/77053-ИП
7712040126,2024,Погашено,Иные взыскания имущественного характера в пользу физических и юридических лиц,273350.00,131,506619/24/77053-ИП
7712040126,2024,Погашено,Иные взыскания имущественного характера в пользу физических и юридических лиц,273350.00,131,510198/24/77053-ИП
7712040126,2024,Погашено,Иные взыскания имущественного характера в пользу физических и юридических лиц,273350.00,131,539946/24/77053-ИП
7712040126,2024,Погашено,Иные взыскания имущественного характера в пользу физических и юридических лиц,273350.00,131,543583/24/77053-ИП
7712040126,2024,Погашено,Иные взыскания имущественного характера в пользу физических и юридических лиц,273350.00,131,543596/24/77053-ИП
7712040126,2024,Погашено,Иные взыскания имущественного характера в пользу физических и юридических лиц,273350.00,131,552794/24/77053-ИП
7712040126,2024,Погашено,Иные взыскания имущественного характера в пользу физических и юридических лиц,273350.00,131,567865/24/77053-ИП
7712040126,2024,Погашено,Иные взыскания имущественного характера в пользу физических и юридических лиц,273350.00,131,567978/24/77053-ИП
7712040126,2024,Погашено,Иные взыскания имущественного характера в пользу физических и юридических лиц,273350.00,131,568290/24/77053-ИП
7712040126,2024,Погашено,Иные взыскания имущественного характера в пользу физических и юридических лиц,273350.00,131,573871/24/77053-ИП
7712040126,2024,Погашено,Иные взыскания имущественного характера в пользу физических и юридических лиц,273350.00,131,573874/24/77053-ИП
7712040126,2024,Погашено,Иные взыскания имущественного характера в пользу физических и юридических лиц,273350.00,131,573888/24/77053-ИП
7712040126,2024,Погашено,Иные взыскания имущественного характера в пользу физических и юридических лиц,273350.00,131,5903/24/77053-ИП
7712040126,2024,Погашено,Иные взыскания имущественного характера в пользу физических и юридических лиц,273350.00,131,590803/24/77053-ИП
7712040126,2024,Погашено,Иные взыскания имущественного характера в пользу физических и юридических лиц,273350.00,131,611158/24/77053-ИП
7712040126,2024,Погашено,Иные взыскания имущественного характера в пользу физических и юридических лиц,273350.00,131,611159/24/77053-ИП
7712040126,2024,Погашено,Иные взыскания имущественного характера в пользу физических и юридических лиц,273350.00,131,611332/24/77053-ИП
7712040126,2024,Погашено,Иные взыскания имущественного характера в пользу физических и юридических лиц,273350.00,131,611346/24/77053-ИП
7712040126,2024,Погашено,Иные взыскания имущественного характера в пользу физических и юридических лиц,273350.00,131,614821/24/77053-ИП
7712040126,2024,Погашено,Иные взыскания имущественного характера в пользу физических и юридических лиц,273350.00,131,614839/24/77053-ИП
7712040126,2024,Погашено,Иные взыскания имущественного характера в пользу физических и юридических лиц,273350.00,131,62340/24/77053-ИП
7712040126,2024,Погашено,Иные взыскания имущественного характера в пользу физических и юридических лиц,273350.00,131,62398/24/77053-ИП
7712040126,2024,Погашено,Иные взыскания имущественного характера в пользу физических и юридических лиц,273350.00,131,624059/24/77053-ИП
7712040126,2024,Погашено,Иные взыскания имущественного характера в пользу физических и юридических лиц,273350.00,131,625666/24/77053-ИП
7712040126,2024,Погашено,Иные взыскания имущественного характера в пользу физических и юридических лиц,273350.00,131,625669/24/77053-ИП
7712040126,2024,Погашено,Иные взыскания имущественного характера в пользу физических и юридических лиц,273350.00,131,625671/24/77053-ИП
7712040126,2024,Погашено,Иные взыскания имущественного характера в пользу физических и юридических лиц,273350.00,131,63422/24/77053-ИП
7712040126,2024,Погашено,Иные взыскания имущественного характера в пользу физических и юридических лиц,273350.00,131,644232/24/77053-ИП
7712040126,2024,Погашено,Иные взыскания имущественного характера в пользу физических и юридических лиц,273350.00,131,649310/24/77053-ИП
7712040126,2024,Погашено,Иные взыскания имущественного характера в пользу физических и юридических лиц,273350.00,131,649311/24/77053-ИП
7712040126,2024,Погашено,Иные взыскания имущественного характера в пользу физических и юридических лиц,273350.00,131,650448/24/77053-ИП
7712040126,2024,Погашено,Иные взыскания имущественного характера в пользу физических и юридических лиц,273350.00,131,667331/24/77053-ИП
7712040126,2024,Погашено,Иные взыскания имущественного характера в пользу физических и юридических лиц,273350.00,131,669692/24/77053-ИП
7712040126,2024,Погашено,Иные взыскания имущественного характера в пользу физических и юридических лиц,273350.00,131,670959/24/77053-ИП
7712040126,2024,Погашено,Иные взыскания имущественного характера в пользу физических и юридических лиц,273350.00,131,681027/24/77053-ИП
7712040126,2024,Погашено,Иные взыскания имущественного характера в пользу физических и юридических лиц,273350.00,131,681052/24/77053-ИП
7712040126,2024,Погашено,Иные взыскания имущественного характера в пользу физических и юридических лиц,273350.00,131,681055/24/77053-ИП
7712040126,2024,Погашено,Иные взыскания имущественного характера в пользу физических и юридических лиц,273350.00,131,681095/24/77053-ИП
7712040126,2024,Погашено,Иные взыскания имущественного характера в пользу физических и юридических лиц,273350.00,131,684847/24/77053-ИП
7712040126,2024,Погашено,Иные взыскания имущественного характера в пользу физических и юридических лиц,273350.00,131,686676/24/77053-ИП
7712040126,2024,Погашено,Иные взыскания имущественного характера в пользу физических и юридических лиц,273350.00,131,747315/24/77053-ИП
7712040126,2024,Погашено,Иные взыскания имущественного характера в пользу физических и юридических лиц,273350.00,131,755272/24/77053-ИП
7712040126,2024,Погашено,"Госпошлина, присужденная судом",41400.00,150,1091899/24/77047-ИП
7712040126,2024,Погашено,"Госпошлина, присужденная судом",41400.00,150,129356/24/77053-ИП
7712040126,2024,Погашено,"Госпошлина, присужденная судом",41400.00,150,141706/24/77053-ИП
7712040126,2024,Погашено,"Госпошлина, присужденная судом",41400.00,150,147932/24/77053-ИП
7712040126,2024,Погашено,"Госпошлина, присужденная судом",41400.00,150,147994/24/77053-ИП
7712040126,2024,Погашено,"Госпошлина, присужденная судом",41400.00,150,16118/24/24014-ИП
7712040126,2024,Погашено,"Госпошлина, присужденная судом",41400.00,150,188800/24/77053-ИП
7712040126,2024,Погашено,"Госпошлина, присужденная судом",41400.00,150,19322/24/77053-ИП
7712040126,2024,Погашено,"Госпошлина, присужденная судом",41400.00,150,198988/24/77053-ИП
7712040126,2024,Погашено,"Госпошлина, присужденная судом",41400.00,150,226210/24/77053-ИП
7712040126,2024,Погашено,"Госпошлина, присужденная судом",41400.00,150,23820/24/77053-ИП
7712040126,2024,Погашено,"Госпошлина, присужденная судом",41400.00,150,23821/24/77053-ИП
7712040126,2024,Погашено,"Госпошлина, присужденная судом",41400.00,150,23823/24/77053-ИП
7712040126,2024,Погашено,"Госпошлина, присужденная судом",41400.00,150,23825/24/77053-ИП
7712040126,2024,Погашено,"Госпошлина, присужденная судом",41400.00,150,23826/24/77053-ИП
7712040126,2024,Погашено,"Госпошлина, присужденная судом",41400.00,150,245128/24/77053-ИП
7712040126,2024,Погашено,"Госпошлина, присужденная судом",41400.00,150,264345/24/77053-ИП
7712040126,2024,Погашено,"Госпошлина, присужденная судом",41400.00,150,305764/24/77053-ИП
7712040126,2024,Погашено,"Госпошлина, присужденная судом",41400.00,150,314633/24/77053-ИП
7712040126,2024,Погашено,"Госпошлина, присужденная судом",41400.00,150,315832/24/77053-ИП
7712040126,2024,Погашено,"Госпошлина, присужденная судом",41400.00,150,329353/24/77053-ИП
7712040126,2024,Погашено,"Госпошлина, присужденная судом",41400.00,150,342052/24/77053-ИП
7712040126,2024,Погашено,"Госпошлина, присужденная судом",41400.00,150,349431/24/77053-ИП
7712040126,2024,Погашено,"Госпошлина, присужденная судом",41400.00,150,354554/24/77053-ИП
7712040126,2024,Погашено,"Госпошлина, присужденная судом",41400.00,150,367789/24/77053-ИП
7712040126,2024,Погашено,"Госпошлина, присужденная судом",41400.00,150,368075/24/77053-ИП
7712040126,2024,Погашено,"Госпошлина, присужденная судом",41400.00,150,375083/24/77053-ИП
7712040126,2024,Погашено,"Госпошлина, присужденная судом",41400.00,150,385252/24/77053-ИП
7712040126,2024,Погашено,"Госпошлина, присужденная судом",41400.00,150,38953/24/77053-ИП
7712040126,2024,Погашено,"Госпошлина, присужденная судом",41400.00,150,396992/24/77053-ИП
7712040126,2024,Погашено,"Госпошлина, присужденная судом",41400.00,150,413796/24/77053-ИП
7712040126,2024,Погашено,"Госпошлина, присужденная судом",41400.00,150,413816/24/77053-ИП
7712040126,2024,Погашено,"Госпошлина, присужденная судом",41400.00,150,419992/24/77053-ИП
7712040126,2024,Погашено,"Госпошлина, присужденная судом",41400.00,150,419993/24/77053-ИП
7712040126,2024,Погашено,"Госпошлина, присужденная судом",41400.00,150,432514/24/77053-ИП
7712040126,2024,Погашено,"Госпошлина, присужденная судом",41400.00,150,432531/24/77053-ИП
7712040126,2024,Погашено,"Госпошлина, присужденная судом",41400.00,150,432589/24/77053-ИП
7712040126,2024,Погашено,"Госпошлина, присужденная судом",41400.00,150,440838/24/77053-ИП
7712040126,2024,Погашено,"Госпошлина, присужденная судом",41400.00,150,444503/24/77053-ИП
7712040126,2024,Погашено,"Госпошлина, присужденная судом",41400.00,150,445248/24/77053-ИП
7712040126,2024,Погашено,"Госпошлина, присужденная судом",41400.00,150,473978/24/77053-ИП
7712040126,2024,Погашено,"Госпошлина, присужденная судом",41400.00,150,474025/24/77053-ИП
7712040126,2024,Погашено,"Госпошлина, присужденная судом",41400.00,150,474740/24/77053-ИП
7712040126,2024,Погашено,"Госпошлина, присужденная судом",41400.00,150,477566/24/77053-ИП
7712040126,2024,Погашено,"Госпошлина, присужденная судом",41400.00,150,480486/24/77053-ИП
7712040126,2024,Погашено,"Госпошлина, присужденная судом",41400.00,150,482838/24/77053-ИП
7712040126,2024,Погашено,"Госпошлина, присужденная судом",41400.00,150,488163/24/77053-ИП
7712040126,2024,Погашено,"Госпошлина, присужденная судом",41400.00,150,497725/24/77053-ИП
7712040126,2024,Погашено,"Госпошлина, присужденная судом",41400.00,150,498145/24/77053-ИП
7712040126,2024,Погашено,"Госпошлина, присужденная судом",41400.00,150,498149/24/77053-ИП
7712040126,2024,Погашено,"Госпошлина, присужденная судом",41400.00,150,498182/24/77053-ИП
7712040126,2024,Погашено,"Госпошлина, присужденная судом",41400.00,150,498561/24/77053-ИП
7712040126,2024,Погашено,"Госпошлина, присужденная судом",41400.00,150,503625/24/77053-ИП
7712040126,2024,Погашено,"Госпошлина, присужденная судом",41400.00,150,504049/24/77053-ИП
7712040126,2024,Погашено,"Госпошлина, присужденная судом",41400.00,150,504766/24/77053-ИП
7712040126,2024,Погашено,"Госпошлина, присужденная судом",41400.00,150,506607/24/77053-ИП
7712040126,2024,Погашено,"Госпошлина, присужденная судом",41400.00,150,519272/24/77053-ИП
7712040126,2024,Погашено,"Госпошлина, присужденная судом",41400.00,150,536778/24/77053-ИП
7712040126,2024,Погашено,"Госпошлина, присужденная судом",41400.00,150,552846/24/77053-ИП
7712040126,2024,Погашено,"Госпошлина, присужденная судом",41400.00,150,580171/24/77053-ИП
7712040126,2024,Погашено,"Госпошлина, присужденная судом",41400.00,150,589399/24/77053-ИП
7712040126,2024,Погашено,"Госпошлина, присужденная судом",41400.00,150,592135/24/42009-ИП
7712040126,2024,Погашено,"Госпошлина, присужденная судом",41400.00,150,606495/24/77053-ИП
7712040126,2024,Погашено,"Госпошлина, присужденная судом",41400.00,150,615313/24/77053-ИП
7712040126,2024,Погашено,"Госпошлина, присужденная судом",41400.00,150,61700/24/77053-ИП
7712040126,2024,Погашено,"Госпошлина, присужденная судом",41400.00,150,61701/24/77053-ИП
7712040126,2024,Погашено,"Госпошлина, присужденная судом",41400.00,150,623821/24/77053-ИП
7712040126,2024,Погашено,"Госпошлина, присужденная судом",41400.00,150,624050/24/77053-ИП
7712040126,2024,Погашено,"Госпошлина, присужденная судом",41400.00,150,626760/24/77053-ИП
7712040126,2024,Погашено,"Госпошлина, присужденная судом",41400.00,150,634196/24/77053-ИП
7712040126,2024,Погашено,"Госпошлина, присужденная судом",41400.00,150,634894/24/77053-ИП
7712040126,2024,Погашено,"Госпошлина, присужденная судом",41400.00,150,634975/24/77053-ИП
7712040126,2024,Погашено,"Госпошлина, присужденная судом",41400.00,150,641538/24/77053-ИП
7712040126,2024,Погашено,"Госпошлина, присужденная судом",41400.00,150,644300/24/77053-ИП
7712040126,2024,Погашено,"Госпошлина, присужденная судом",41400.00,150,647812/24/77053-ИП
7712040126,2024,Погашено,"Госпошлина, присужденная судом",41400.00,150,650499/24/77053-ИП
7712040126,2024,Погашено,"Госпошлина, присужденная судом",41400.00,150,650829/24/77053-ИП
7712040126,2024,Погашено,"Госпошлина, присужденная судом",41400.00,150,660000/24/77053-ИП
7712040126,2024,Погашено,"Госпошлина, присужденная судом",41400.00,150,664044/24/77053-ИП
7712040126,2024,Погашено,"Госпошлина, присужденная судом",41400.00,150,664391/24/77053-ИП
7712040126,2024,Погашено,"Госпошлина, присужденная судом",41400.00,150,665152/24/77053-ИП
7712040126,2024,Погашено,"Госпошлина, присужденная судом",41400.00,150,668389/24/77053-ИП
7712040126,2024,Погашено,"Госпошлина, присужденная судом",41400.00,150,673510/24/77053-ИП
7712040126,2024,Погашено,"Госпошлина, присужденная судом",41400.00,150,673567/24/77053-ИП
7712040126,2024,Погашено,"Госпошлина, присужденная судом",41400.00,150,673574/24/77053-ИП
7712040126,2024,Погашено,"Госпошлина, присужденная судом",41400.00,150,680471/24/77053-ИП
7712040126,2024,Погашено,"Госпошлина, присужденная судом",41400.00,150,680472/24/77053-ИП
7712040126,2024,Погашено,"Госпошлина, присужденная судом",41400.00,150,680643/24/77053-ИП
7712040126,2024,Погашено,"Госпошлина, присужденная судом",41400.00,150,681023/24/77053-ИП
7712040126,2024,Погашено,"Госпошлина, присужденная судом",41400.00,150,681106/24/77053-ИП
7712040126,2024,Погашено,"Госпошлина, присужденная судом",41400.00,150,681107/24/77053-ИП
7712040126,2024,Погашено,"Госпошлина, присужденная судом",41400.00,150,681198/24/77053-ИП
7712040126,2024,Погашено,"Госпошлина, присужденная судом",41400.00,150,681211/24/77053-ИП
7712040126,2024,Погашено,"Госпошлина, присужденная судом",41400.00,150,681485/24/77053-ИП
7712040126,2024,Погашено,"Госпошлина, присужденная судом",41400.00,150,684181/24/77053-ИП
7712040126,2024,Погашено,"Госпошлина, присужденная судом",41400.00,150,684251/24/77053-ИП
7712040126,2024,Погашено,"Госпошлина, присужденная судом",41400.00,150,686808/24/77053-ИП
7712040126,2024,Погашено,"Госпошлина, присужденная судом",41400.00,150,693994/24/77053-ИП
7712040126,2024,Погашено,"Госпошлина, присужденная судом",41400.00,150,694019/24/77053-ИП
7712040126,2024,Погашено,"Госпошлина, присужденная судом",41400.00,150,695891/24/77053-ИП
7712040126,2024,Погашено,Не указано,40000.00,11,159/24/77053-ИП
7712040126,2024,Погашено,Не указано,40000.00,11,16109/24/77053-ИП
7712040126,2024,Погашено,Не указано,40000.00,11,16120/24/77053-ИП
7712040126,2024,Погашено,Не указано,40000.00,11,492025/24/77053-ИП
7712040126,2024,Погашено,Не указано,40000.00,11,621294/24/77053-ИП
7712040126,2024,Погашено,Не указано,40000.00,11,621295/24/77053-ИП
7712040126,2024,Погашено,Не указано,40000.00,11,621298/24/77053-ИП
7712040126,2024,Погашено,Не указано,40000.00,11,621324/24/77053-ИП
7712040126,2024,Погашено,Не указано,40000.00,11,687730/24/77009-ИП
7712040126,2024,Погашено,Не указано,40000.00,11,778926/24/77053-ИП
7712040126,2024,Погашено,Не указано,40000.00,11,778932/24/77053-ИП
7712040126,2024,Погашено,Штраф ГИБДД,500.00,4,1022150/24/77047-ИП
7712040126,2024,Погашено,Штраф ГИБДД,500.00,4,284801/24/82004-ИП
7712040126,2024,Погашено,Штраф ГИБДД,500.00,4,691023/24/77047-ИП
7712040126,2024,Погашено,Штраф ГИБДД,500.00,4,72867/24/77047-ИП
7712040126,2024,Погашено,Оплата труда и иные выплаты по трудовым правоотношениям,0.00,1,476630/24/77053-ИП
7712040126,2024,Погашено,Моральный вред как самостоятельное требование (за исключением вреда от преступления),0.00,3,611482/24/77053-ИП
7712040126,2024,Погашено,Моральный вред как самостоятельное требование (за исключением вреда от преступления),0.00,3,694776/24/77053-ИП
7712040126,2024,Погашено,Моральный вред как самостоятельное требование (за исключением вреда от преступления),0.00,3,971292/24/77053-ИП
7712040126,2024,Погашено,Иной вид исполнения неимущественного характера,0.00,7,763456/24/77053-ИП
7712040126,2024,Погашено,Иной вид исполнения неимущественного характера,0.00,7,763812/24/77053-ИП
7712040126,2024,Погашено,Иной вид исполнения неимущественного характера,0.00,7,763813/24/77053-ИП
7712040126,2024,Погашено,Иной вид исполнения неимущественного характера,0.00,7,864169/24/77053-ИП
7712040126,2024,Погашено,Иной вид исполнения неимущественного характера,0.00,7,864177/24/77053-ИП
7712040126,2024,Погашено,Иной вид исполнения неимущественного характера,0.00,7,949769/24/77053-ИП
7712040126,2024,Погашено,Иной вид исполнения неимущественного характера,0.00,7,949772/24/77053-ИП
7712040126,2024,Не завершено,Иной вид исполнения неимущественного характера,50000.00,1,644252/24/77053-ИП
7712040126,2024,Не завершено,"Госпошлина, присужденная судом",26300.00,2,624019/24/77053-ИП
7712040126,2024,Не завершено,"Госпошлина, присужденная судом",26300.00,2,973486/24/77053-ИП
7712040126,2024,Не завершено,Иные взыскания имущественного характера в пользу физических и юридических лиц,10300.00,7,503292/24/77053-ИП
7712040126,2024,Не завершено,Иные взыскания имущественного характера в пользу физических и юридических лиц,10300.00,7,681108/24/77053-ИП
7712040126,2024,Не завершено,Иные взыскания имущественного характера в пользу физических и юридических лиц,10300.00,7,726952/24/77053-ИП
7712040126,2024,Не завершено,Иные взыскания имущественного характера в пользу физических и юридических лиц,10300.00,7,804657/24/77053-ИП
7712040126,2024,Не завершено,Иные взыскания имущественного характера в пользу физических и юридических лиц,10300.00,7,834417/24/77053-ИП
7712040126,2024,Не завершено,Иные взыскания имущественного характера в пользу физических и юридических лиц,10300.00,7,891409/24/77053-ИП
7712040126,2024,Не завершено,Иные взыскания имущественного характера в пользу физических и юридических лиц,10300.00,7,950243/24/77053-ИП
7712040126,2024,Не завершено,"Материальный ущерб по ГК РФ, причиненный физическим или юридическим лицам",0.00,1,75325/24/77053-ИП
7712040126,2024,Не завершено,"Процессуальные издержки в пользу иных лиц, кроме расходов на экспертизу",0.00,1,75326/24/77053-ИП
7712040126,2025,Завершено,"Госпошлина, присужденная судом",700.00,1,76352/25/24014-ИП
7712040126,2025,Погашено,Штраф ГИБДД,0.00,2,235157/25/77047-ИП
7712040126,2025,Погашено,Штраф ГИБДД,0.00,2,711210/25/77047-ИП
7712040126,2025,Погашено,"Процессуальные издержки в пользу иных лиц, кроме расходов на экспертизу",0.00,1,592749/25/77053-ИП
7712040126,2025,Погашено,"Госпошлина, присужденная судом",121152.99,157,1007611/24/77053-ИП
7712040126,2025,Погашено,"Госпошлина, присужденная судом",121152.99,157,114903/25/77053-ИП
7712040126,2025,Погашено,"Госпошлина, присужденная судом",121152.99,157,115255/25/77053-ИП
7712040126,2025,Погашено,"Госпошлина, присужденная судом",121152.99,157,132145/25/77053-ИП
7712040126,2025,Погашено,"Госпошлина, присужденная судом",121152.99,157,13242/25/77053-ИП
7712040126,2025,Погашено,"Госпошлина, присужденная судом",121152.99,157,138576/25/77053-ИП
7712040126,2025,Погашено,"Госпошлина, присужденная судом",121152.99,157,141256/25/77053-ИП
7712040126,2025,Погашено,"Госпошлина, присужденная судом",121152.99,157,141705/25/77053-ИП
7712040126,2025,Погашено,"Госпошлина, присужденная судом",121152.99,157,157481/25/86018-ИП
7712040126,2025,Погашено,"Госпошлина, присужденная судом",121152.99,157,164073/25/77053-ИП
7712040126,2025,Погашено,"Госпошлина, присужденная судом",121152.99,157,164088/25/77053-ИП
7712040126,2025,Погашено,"Госпошлина, присужденная судом",121152.99,157,170942/25/77053-ИП
7712040126,2025,Погашено,"Госпошлина, присужденная судом",121152.99,157,173044/25/77053-ИП
7712040126,2025,Погашено,"Госпошлина, присужденная судом",121152.99,157,178500/25/77053-ИП
7712040126,2025,Погашено,"Госпошлина, присужденная судом",121152.99,157,178501/25/77053-ИП
7712040126,2025,Погашено,"Госпошлина, присужденная судом",121152.99,157,178707/25/77053-ИП
7712040126,2025,Погашено,"Госпошлина, присужденная судом",121152.99,157,179266/25/77053-ИП
7712040126,2025,Погашено,"Госпошлина, присужденная судом",121152.99,157,181012/25/77053-ИП
7712040126,2025,Погашено,"Госпошлина, присужденная судом",121152.99,157,225681/25/77053-ИП
7712040126,2025,Погашено,"Госпошлина, присужденная судом",121152.99,157,227238/25/72006-ИП
7712040126,2025,Погашено,"Госпошлина, присужденная судом",121152.99,157,230757/25/77006-ИП
7712040126,2025,Погашено,"Госпошлина, присужденная судом",121152.99,157,233378/25/77053-ИП
7712040126,2025,Погашено,"Госпошлина, присужденная судом",121152.99,157,239061/25/77053-ИП
7712040126,2025,Погашено,"Госпошлина, присужденная судом",121152.99,157,239071/25/77053-ИП
7712040126,2025,Погашено,"Госпошлина, присужденная судом",121152.99,157,239072/25/77053-ИП
7712040126,2025,Погашено,"Госпошлина, присужденная судом",121152.99,157,240112/25/77053-ИП
7712040126,2025,Погашено,"Госпошлина, присужденная судом",121152.99,157,241427/25/77053-ИП
7712040126,2025,Погашено,"Госпошлина, присужденная судом",121152.99,157,254181/25/77053-ИП
7712040126,2025,Погашено,"Госпошлина, присужденная судом",121152.99,157,25557/25/59004-ИП
7712040126,2025,Погашено,"Госпошлина, присужденная судом",121152.99,157,257368/25/77053-ИП
7712040126,2025,Погашено,"Госпошлина, присужденная судом",121152.99,157,259617/25/77009-ИП
7712040126,2025,Погашено,"Госпошлина, присужденная судом",121152.99,157,264148/25/77053-ИП
7712040126,2025,Погашено,"Госпошлина, присужденная судом",121152.99,157,267351/25/77053-ИП
7712040126,2025,Погашено,"Госпошлина, присужденная судом",121152.99,157,267551/25/77053-ИП
7712040126,2025,Погашено,"Госпошлина, присужденная судом",121152.99,157,271349/25/77053-ИП
7712040126,2025,Погашено,"Госпошлина, присужденная судом",121152.99,157,271351/25/77053-ИП
7712040126,2025,Погашено,"Госпошлина, присужденная судом",121152.99,157,282203/25/77053-ИП
7712040126,2025,Погашено,"Госпошлина, присужденная судом",121152.99,157,296249/25/77024-ИП
7712040126,2025,Погашено,"Госпошлина, присужденная судом",121152.99,157,305438/25/77053-ИП
7712040126,2025,Погашено,"Госпошлина, присужденная судом",121152.99,157,315538/25/77053-ИП
7712040126,2025,Погашено,"Госпошлина, присужденная судом",121152.99,157,316118/25/77053-ИП
7712040126,2025,Погашено,"Госпошлина, присужденная судом",121152.99,157,322284/25/77053-ИП
7712040126,2025,Погашено,"Госпошлина, присужденная судом",121152.99,157,324183/25/77053-ИП
7712040126,2025,Погашено,"Госпошлина, присужденная судом",121152.99,157,324877/25/77053-ИП
7712040126,2025,Погашено,"Госпошлина, присужденная судом",121152.99,157,346634/25/77053-ИП
7712040126,2025,Погашено,"Госпошлина, присужденная судом",121152.99,157,356911/25/77053-ИП
7712040126,2025,Погашено,"Госпошлина, присужденная судом",121152.99,157,356986/25/77053-ИП
7712040126,2025,Погашено,"Госпошлина, присужденная судом",121152.99,157,357552/25/77053-ИП
7712040126,2025,Погашено,"Госпошлина, присужденная судом",121152.99,157,359468/25/77053-ИП
7712040126,2025,Погашено,"Госпошлина, присужденная судом",121152.99,157,360116/25/77053-ИП
7712040126,2025,Погашено,"Госпошлина, присужденная судом",121152.99,157,360949/25/77035-ИП
7712040126,2025,Погашено,"Госпошлина, присужденная судом",121152.99,157,364600/25/77053-ИП
7712040126,2025,Погашено,"Госпошлина, присужденная судом",121152.99,157,364775/25/77053-ИП
7712040126,2025,Погашено,"Госпошлина, присужденная судом",121152.99,157,369447/25/77053-ИП
7712040126,2025,Погашено,"Госпошлина, присужденная судом",121152.99,157,373355/25/77053-ИП
7712040126,2025,Погашено,"Госпошлина, присужденная судом",121152.99,157,374429/25/77053-ИП
7712040126,2025,Погашено,"Госпошлина, присужденная судом",121152.99,157,379109/25/77053-ИП
7712040126,2025,Погашено,"Госпошлина, присужденная судом",121152.99,157,379111/25/77053-ИП
7712040126,2025,Погашено,"Госпошлина, присужденная судом",121152.99,157,380703/25/77053-ИП
7712040126,2025,Погашено,"Госпошлина, присужденная судом",121152.99,157,391374/25/77053-ИП
7712040126,2025,Погашено,"Госпошлина, присужденная судом",121152.99,157,395372/25/77053-ИП
7712040126,2025,Погашено,"Госпошлина, присужденная судом",121152.99,157,39658/25/77053-ИП
7712040126,2025,Погашено,"Госпошлина, присужденная судом",121152.99,157,398113/25/77053-ИП
7712040126,2025,Погашено,"Госпошлина, присужденная судом",121152.99,157,399788/25/77053-ИП
7712040126,2025,Погашено,"Госпошлина, присужденная судом",121152.99,157,407957/25/77053-ИП
7712040126,2025,Погашено,"Госпошлина, присужденная судом",121152.99,157,412344/25/77053-ИП
7712040126,2025,Погашено,"Госпошлина, присужденная судом",121152.99,157,419605/25/77053-ИП
7712040126,2025,Погашено,"Госпошлина, присужденная судом",121152.99,157,423157/25/77053-ИП
7712040126,2025,Погашено,"Госпошлина, присужденная судом",121152.99,157,429416/25/77053-ИП
7712040126,2025,Погашено,"Госпошлина, присужденная судом",121152.99,157,439702/25/77053-ИП
7712040126,2025,Погашено,"Госпошлина, присужденная судом",121152.99,157,447093/25/77053-ИП
7712040126,2025,Погашено,"Госпошлина, присужденная судом",121152.99,157,447176/25/77053-ИП
7712040126,2025,Погашено,"Госпошлина, присужденная судом",121152.99,157,451303/25/77053-ИП
7712040126,2025,Погашено,"Госпошлина, присужденная судом",121152.99,157,451865/25/77053-ИП
7712040126,2025,Погашено,"Госпошлина, присужденная судом",121152.99,157,451866/25/77053-ИП
7712040126,2025,Погашено,"Госпошлина, присужденная судом",121152.99,157,456839/25/77053-ИП
7712040126,2025,Погашено,"Госпошлина, присужденная судом",121152.99,157,46472/25/77053-ИП
7712040126,2025,Погашено,"Госпошлина, присужденная судом",121152.99,157,465987/25/77053-ИП
7712040126,2025,Погашено,"Госпошлина, присужденная судом",121152.99,157,466061/25/77053-ИП
7712040126,2025,Погашено,"Госпошлина, присужденная судом",121152.99,157,469189/25/77053-ИП
7712040126,2025,Погашено,"Госпошлина, присужденная судом",121152.99,157,477488/25/77053-ИП
7712040126,2025,Погашено,"Госпошлина, присужденная судом",121152.99,157,497768/25/77053-ИП
7712040126,2025,Погашено,"Госпошлина, присужденная судом",121152.99,157,498044/25/77053-ИП
7712040126,2025,Погашено,"Госпошлина, присужденная судом",121152.99,157,507896/25/77053-ИП
7712040126,2025,Погашено,"Госпошлина, присужденная судом",121152.99,157,508276/25/77053-ИП
7712040126,2025,Погашено,"Госпошлина, присужденная судом",121152.99,157,512579/25/77053-ИП
7712040126,2025,Погашено,"Госпошлина, присужденная судом",121152.99,157,51837/25/77053-ИП
7712040126,2025,Погашено,"Госпошлина, присужденная судом",121152.99,157,539665/25/77053-ИП
7712040126,2025,Погашено,"Госпошлина, присужденная судом",121152.99,157,539856/25/77053-ИП
7712040126,2025,Погашено,"Госпошлина, присужденная судом",121152.99,157,558080/25/77053-ИП
7712040126,2025,Погашено,"Госпошлина, присужденная судом",121152.99,157,564085/25/77053-ИП
7712040126,2025,Погашено,"Госпошлина, присужденная судом",121152.99,157,5826/25/77053-ИП
7712040126,2025,Погашено,"Госпошлина, присужденная судом",121152.99,157,585678/25/77053-ИП
7712040126,2025,Погашено,"Госпошлина, присужденная судом",121152.99,157,586284/25/77053-ИП
7712040126,2025,Погашено,"Госпошлина, присужденная судом",121152.99,157,586285/25/77053-ИП
7712040126,2025,Погашено,"Госпошлина, присужденная судом",121152.99,157,588578/25/77053-ИП
7712040126,2025,Погашено,"Госпошлина, присужденная судом",121152.99,157,588737/25/77053-ИП
7712040126,2025,Погашено,"Госпошлина, присужденная судом",121152.99,157,588847/25/77053-ИП
7712040126,2025,Погашено,"Госпошлина, присужденная судом",121152.99,157,588932/25/77053-ИП
7712040126,2025,Погашено,"Госпошлина, присужденная судом",121152.99,157,589997/25/77053-ИП
7712040126,2025,Погашено,Иной вид исполнения неимущественного характера,50000.00,4,325953/25/77053-ИП
7712040126,2025,Погашено,Иной вид исполнения неимущественного характера,50000.00,4,691776/25/77053-ИП
7712040126,2025,Погашено,Иной вид исполнения неимущественного характера,50000.00,4,700614/25/77053-ИП
7712040126,2025,Погашено,Иной вид исполнения неимущественного характера,50000.00,4,98447/25/77053-ИП
7712040126,2025,Погашено,Иные взыскания имущественного характера в пользу физических и юридических лиц,35000.00,97,1007612/24/77053-ИП
7712040126,2025,Погашено,Иные взыскания имущественного характера в пользу физических и юридических лиц,35000.00,97,118299/25/77053-ИП
7712040126,2025,Погашено,Иные взыскания имущественного характера в пользу физических и юридических лиц,35000.00,97,118322/25/77053-ИП
7712040126,2025,Погашено,Иные взыскания имущественного характера в пользу физических и юридических лиц,35000.00,97,121701/25/77053-ИП
7712040126,2025,Погашено,Иные взыскания имущественного характера в пользу физических и юридических лиц,35000.00,97,129948/25/77053-ИП
7712040126,2025,Погашено,Иные взыскания имущественного характера в пользу физических и юридических лиц,35000.00,97,139369/25/77053-ИП
7712040126,2025,Погашено,Иные взыскания имущественного характера в пользу физических и юридических лиц,35000.00,97,139372/25/77053-ИП
7712040126,2025,Погашено,Иные взыскания имущественного характера в пользу физических и юридических лиц,35000.00,97,163327/25/56044-ИП
7712040126,2025,Погашено,Иные взыскания имущественного характера в пользу физических и юридических лиц,35000.00,97,16393/25/77053-ИП
7712040126,2025,Погашено,Иные взыскания имущественного характера в пользу физических и юридических лиц,35000.00,97,182808/25/77053-ИП
7712040126,2025,Погашено,Иные взыскания имущественного характера в пользу физических и юридических лиц,35000.00,97,198847/25/77053-ИП
7712040126,2025,Погашено,Иные взыскания имущественного характера в пользу физических и юридических лиц,35000.00,97,203278/25/77053-ИП
7712040126,2025,Погашено,Иные взыскания имущественного характера в пользу физических и юридических лиц,35000.00,97,219893/25/77053-ИП
7712040126,2025,Погашено,Иные взыскания имущественного характера в пользу физических и юридических лиц,35000.00,97,223182/25/77053-ИП
7712040126,2025,Погашено,Иные взыскания имущественного характера в пользу физических и юридических лиц,35000.00,97,231190/25/77053-ИП
7712040126,2025,Погашено,Иные взыскания имущественного характера в пользу физических и юридических лиц,35000.00,97,241609/25/77053-ИП
7712040126,2025,Погашено,Иные взыскания имущественного характера в пользу физических и юридических лиц,35000.00,97,249746/25/77053-ИП
7712040126,2025,Погашено,Иные взыскания имущественного характера в пользу физических и юридических лиц,35000.00,97,260246/25/77053-ИП
7712040126,2025,Погашено,Иные взыскания имущественного характера в пользу физических и юридических лиц,35000.00,97,273624/25/77053-ИП
7712040126,2025,Погашено,Иные взыскания имущественного характера в пользу физических и юридических лиц,35000.00,97,290094/25/77053-ИП
7712040126,2025,Погашено,Иные взыскания имущественного характера в пользу физических и юридических лиц,35000.00,97,305436/25/77053-ИП
7712040126,2025,Погашено,Иные взыскания имущественного характера в пользу физических и юридических лиц,35000.00,97,320237/25/77053-ИП
7712040126,2025,Погашено,Иные взыскания имущественного характера в пользу физических и юридических лиц,35000.00,97,320238/25/77053-ИП
7712040126,2025,Погашено,Иные взыскания имущественного характера в пользу физических и юридических лиц,35000.00,97,325952/25/77053-ИП
7712040126,2025,Погашено,Иные взыскания имущественного характера в пользу физических и юридических лиц,35000.00,97,340323/25/77053-ИП
7712040126,2025,Погашено,Иные взыскания имущественного характера в пользу физических и юридических лиц,35000.00,97,340329/25/77053-ИП
7712040126,2025,Погашено,Иные взыскания имущественного характера в пользу физических и юридических лиц,35000.00,97,356910/25/77053-ИП
7712040126,2025,Погашено,Иные взыскания имущественного характера в пользу физических и юридических лиц,35000.00,97,356984/25/77053-ИП
7712040126,2025,Погашено,Иные взыскания имущественного характера в пользу физических и юридических лиц,35000.00,97,361658/25/77053-ИП
7712040126,2025,Погашено,Иные взыскания имущественного характера в пользу физических и юридических лиц,35000.00,97,371217/25/77053-ИП
7712040126,2025,Погашено,Иные взыскания имущественного характера в пользу физических и юридических лиц,35000.00,97,371442/25/77053-ИП
7712040126,2025,Погашено,Иные взыскания имущественного характера в пользу физических и юридических лиц,35000.00,97,380707/25/77053-ИП
7712040126,2025,Погашено,Иные взыскания имущественного характера в пользу физических и юридических лиц,35000.00,97,3833/25/50004-ИП
7712040126,2025,Погашено,Иные взыскания имущественного характера в пользу физических и юридических лиц,35000.00,97,391968/25/77053-ИП
7712040126,2025,Погашено,Иные взыскания имущественного характера в пользу физических и юридических лиц,35000.00,97,392752/25/77053-ИП
7712040126,2025,Погашено,Иные взыскания имущественного характера в пользу физических и юридических лиц,35000.00,97,392844/25/77053-ИП
7712040126,2025,Погашено,Иные взыскания имущественного характера в пользу физических и юридических лиц,35000.00,97,394223/25/77053-ИП
7712040126,2025,Погашено,Иные взыскания имущественного характера в пользу физических и юридических лиц,35000.00,97,408341/25/77053-ИП
7712040126,2025,Погашено,Иные взыскания имущественного характера в пользу физических и юридических лиц,35000.00,97,410504/25/77053-ИП
7712040126,2025,Погашено,Иные взыскания имущественного характера в пользу физических и юридических лиц,35000.00,97,437564/25/77053-ИП
7712040126,2025,Погашено,Иные взыскания имущественного характера в пользу физических и юридических лиц,35000.00,97,445586/25/77053-ИП
7712040126,2025,Погашено,Иные взыскания имущественного характера в пользу физических и юридических лиц,35000.00,97,446905/25/77053-ИП
7712040126,2025,Погашено,Иные взыскания имущественного характера в пользу физических и юридических лиц,35000.00,97,457442/25/77053-ИП
7712040126,2025,Погашено,Иные взыскания имущественного характера в пользу физических и юридических лиц,35000.00,97,460676/25/77053-ИП
7712040126,2025,Погашено,Иные взыскания имущественного характера в пользу физических и юридических лиц,35000.00,97,462558/25/77053-ИП
7712040126,2025,Погашено,Иные взыскания имущественного характера в пользу физических и юридических лиц,35000.00,97,474816/25/77053-ИП
7712040126,2025,Погашено,Иные взыскания имущественного характера в пользу физических и юридических лиц,35000.00,97,477489/25/77053-ИП
7712040126,2025,Погашено,Иные взыскания имущественного характера в пользу физических и юридических лиц,35000.00,97,489818/25/77053-ИП
7712040126,2025,Погашено,Иные взыскания имущественного характера в пользу физических и юридических лиц,35000.00,97,506327/25/77053-ИП
7712040126,2025,Погашено,Иные взыскания имущественного характера в пользу физических и юридических лиц,35000.00,97,506356/25/77053-ИП
7712040126,2025,Погашено,Иные взыскания имущественного характера в пользу физических и юридических лиц,35000.00,97,506357/25/77053-ИП
7712040126,2025,Погашено,Иные взыскания имущественного характера в пользу физических и юридических лиц,35000.00,97,506440/25/77053-ИП
7712040126,2025,Погашено,Иные взыскания имущественного характера в пользу физических и юридических лиц,35000.00,97,51622/25/77053-ИП
7712040126,2025,Погашено,Иные взыскания имущественного характера в пользу физических и юридических лиц,35000.00,97,546360/25/77053-ИП
7712040126,2025,Погашено,Иные взыскания имущественного характера в пользу физических и юридических лиц,35000.00,97,555576/25/77053-ИП
7712040126,2025,Погашено,Иные взыскания имущественного характера в пользу физических и юридических лиц,35000.00,97,564181/25/77053-ИП
7712040126,2025,Погашено,Иные взыскания имущественного характера в пользу физических и юридических лиц,35000.00,97,566431/25/77053-ИП
7712040126,2025,Погашено,Иные взыскания имущественного характера в пользу физических и юридических лиц,35000.00,97,566471/25/77053-ИП
7712040126,2025,Погашено,Иные взыскания имущественного характера в пользу физических и юридических лиц,35000.00,97,571329/25/77053-ИП
7712040126,2025,Погашено,Иные взыскания имущественного характера в пользу физических и юридических лиц,35000.00,97,571365/25/77053-ИП
7712040126,2025,Погашено,Иные взыскания имущественного характера в пользу физических и юридических лиц,35000.00,97,583171/25/77053-ИП
7712040126,2025,Погашено,Иные взыскания имущественного характера в пользу физических и юридических лиц,35000.00,97,583565/25/77053-ИП
7712040126,2025,Погашено,Иные взыскания имущественного характера в пользу физических и юридических лиц,35000.00,97,586392/25/77053-ИП
7712040126,2025,Погашено,Иные взыскания имущественного характера в пользу физических и юридических лиц,35000.00,97,587346/25/77053-ИП
7712040126,2025,Погашено,Иные взыскания имущественного характера в пользу физических и юридических лиц,35000.00,97,587537/25/77053-ИП
7712040126,2025,Погашено,Иные взыскания имущественного характера в пользу физических и юридических лиц,35000.00,97,588746/25/77053-ИП
7712040126,2025,Погашено,Иные взыскания имущественного характера в пользу физических и юридических лиц,35000.00,97,588843/25/77053-ИП
7712040126,2025,Погашено,Иные взыскания имущественного характера в пользу физических и юридических лиц,35000.00,97,588844/25/77053-ИП
7712040126,2025,Погашено,Иные взыскания имущественного характера в пользу физических и юридических лиц,35000.00,97,590300/25/77053-ИП
7712040126,2025,Погашено,Иные взыскания имущественного характера в пользу физических и юридических лиц,35000.00,97,592739/25/77053-ИП
7712040126,2025,Погашено,Иные взыскания имущественного характера в пользу физических и юридических лиц,35000.00,97,602000/25/77053-ИП
7712040126,2025,Погашено,Иные взыскания имущественного характера в пользу физических и юридических лиц,35000.00,97,620535/25/77053-ИП
7712040126,2025,Погашено,Иные взыскания имущественного характера в пользу физических и юридических лиц,35000.00,97,622532/25/77053-ИП
7712040126,2025,Погашено,Иные взыскания имущественного характера в пользу физических и юридических лиц,35000.00,97,645730/25/77053-ИП
7712040126,2025,Погашено,Иные взыскания имущественного характера в пользу физических и юридических лиц,35000.00,97,646986/25/77053-ИП
7712040126,2025,Погашено,Иные взыскания имущественного характера в пользу физических и юридических лиц,35000.00,97,673950/25/77053-ИП
7712040126,2025,Погашено,Иные взыскания имущественного характера в пользу физических и юридических лиц,35000.00,97,683917/25/77053-ИП
7712040126,2025,Погашено,Иные взыскания имущественного характера в пользу физических и юридических лиц,35000.00,97,689012/25/77053-ИП
7712040126,2025,Погашено,Иные взыскания имущественного характера в пользу физических и юридических лиц,35000.00,97,701062/25/77053-ИП
7712040126,2025,Погашено,Иные взыскания имущественного характера в пользу физических и юридических лиц,35000.00,97,707335/25/77053-ИП
7712040126,2025,Погашено,Иные взыскания имущественного характера в пользу физических и юридических лиц,35000.00,97,707339/25/77053-ИП
7712040126,2025,Погашено,Иные взыскания имущественного характера в пользу физических и юридических лиц,35000.00,97,709737/25/77053-ИП
7712040126,2025,Погашено,Иные взыскания имущественного характера в пользу физических и юридических лиц,35000.00,97,71969/25/77053-ИП
7712040126,2025,Погашено,Иные взыскания имущественного характера в пользу физических и юридических лиц,35000.00,97,721733/25/77053-ИП
7712040126,2025,Погашено,Иные взыскания имущественного характера в пользу физических и юридических лиц,35000.00,97,728105/25/77053-ИП
7712040126,2025,Погашено,Иные взыскания имущественного характера в пользу физических и юридических лиц,35000.00,97,738312/25/77053-ИП
7712040126,2025,Погашено,Иные взыскания имущественного характера в пользу физических и юридических лиц,35000.00,97,74168/25/77053-ИП
7712040126,2025,Погашено,Иные взыскания имущественного характера в пользу физических и юридических лиц,35000.00,97,755768/25/77053-ИП
7712040126,2025,Погашено,Иные взыскания имущественного характера в пользу физических и юридических лиц,35000.00,97,785065/25/77053-ИП
7712040126,2025,Погашено,Иные взыскания имущественного характера в пользу физических и юридических лиц,35000.00,97,792068/25/77053-ИП
7712040126,2025,Погашено,Иные взыскания имущественного характера в пользу физических и юридических лиц,35000.00,97,799079/25/77053-ИП
7712040126,2025,Погашено,Иные взыскания имущественного характера в пользу физических и юридических лиц,35000.00,97,807958/25/77053-ИП
7712040126,2025,Погашено,Иные взыскания имущественного характера в пользу физических и юридических лиц,35000.00,97,84373/25/77053-ИП
7712040126,2025,Погашено,Иные взыскания имущественного характера в пользу физических и юридических лиц,35000.00,97,84698/25/77053-ИП
7712040126,2025,Погашено,Иные взыскания имущественного характера в пользу физических и юридических лиц,35000.00,97,885/25/77053-ИП
7712040126,2025,Погашено,Иные взыскания имущественного характера в пользу физических и юридических лиц,35000.00,97,89211/25/77053-ИП
7712040126,2025,Погашено,Иные взыскания имущественного характера в пользу физических и юридических лиц,35000.00,97,89214/25/77053-ИП
7712040126,2025,Погашено,Исполнительский сбор,10000.00,2,697267/25/77035-ИП
7712040126,2025,Погашено,Исполнительский сбор,10000.00,2,697267/25/77035-ИП
7712040126,2025,Погашено,Не указано,0.00,3,13859/25/77028-ИП
7712040126,2025,Погашено,Не указано,0.00,3,385454/25/77053-ИП
7712040126,2025,Погашено,Не указано,0.00,3,98953/25/77053-ИП
7712040126,2025,Погашено,Штраф иного органа,0.00,1,232228/25/77057-ИП
7712040126,2025,Не завершено,Исполнительский сбор,50000.00,1,357675/25/77053-ИП
7712040126,2025,Не завершено,Не указано,17761.10,1,695392/25/77053-ИП
7712040126,2025,Не завершено,Штраф иного органа,5000.00,1,630683/25/77047-ИП
7712040126,2025,Не завершено,"Штраф как вид наказания по делам об АП, назначенный судом (за исключением дел по протоколам ФССП России и постановлениям прокурора об АП, направленным в суд)",300.00,1,605227/25/77053-ИП
7712040126,2025,Не завершено,Иной вид исполнения неимущественного характера,0.00,3,587347/25/77053-ИП
7712040126,2025,Не завершено,Иной вид исполнения неимущественного характера,0.00,3,839046/25/77053-ИП
7712040126,2025,Не завершено,Иной вид исполнения неимущественного характера,0.00,3,839047/25/77053-ИП
7712040126,2025,Не завершено,Иные взыскания имущественного характера в пользу физических и юридических лиц,488839.58,29,217081/25/70001-ИП
7712040126,2025,Не завершено,Иные взыскания имущественного характера в пользу физических и юридических лиц,488839.58,29,558004/25/77053-ИП
7712040126,2025,Не завершено,Иные взыскания имущественного характера в пользу физических и юридических лиц,488839.58,29,586393/25/77053-ИП
7712040126,2025,Не завершено,Иные взыскания имущественного характера в пользу физических и юридических лиц,488839.58,29,588845/25/77053-ИП
7712040126,2025,Не завершено,Иные взыскания имущественного характера в пользу физических и юридических лиц,488839.58,29,588846/25/77053-ИП
7712040126,2025,Не завершено,Иные взыскания имущественного характера в пользу физических и юридических лиц,488839.58,29,588848/25/77053-ИП
7712040126,2025,Не завершено,Иные взыскания имущественного характера в пользу физических и юридических лиц,488839.58,29,665788/25/77053-ИП
7712040126,2025,Не завершено,Иные взыскания имущественного характера в пользу физических и юридических лиц,488839.58,29,683922/25/77053-ИП
7712040126,2025,Не завершено,Иные взыскания имущественного характера в пользу физических и юридических лиц,488839.58,29,732320/25/77053-ИП
7712040126,2025,Не завершено,Иные взыскания имущественного характера в пользу физических и юридических лиц,488839.58,29,732347/25/77053-ИП
7712040126,2025,Не завершено,Иные взыскания имущественного характера в пользу физических и юридических лиц,488839.58,29,732350/25/77053-ИП
7712040126,2025,Не завершено,Иные взыскания имущественного характера в пользу физических и юридических лиц,488839.58,29,735571/25/77053-ИП
7712040126,2025,Не завершено,Иные взыскания имущественного характера в пользу физических и юридических лиц,488839.58,29,738290/25/77053-ИП
7712040126,2025,Не завершено,Иные взыскания имущественного характера в пользу физических и юридических лиц,488839.58,29,752373/25/77053-ИП
7712040126,2025,Не завершено,Иные взыскания имущественного характера в пользу физических и юридических лиц,488839.58,29,755974/25/77053-ИП
7712040126,2025,Не завершено,Иные взыскания имущественного характера в пользу физических и юридических лиц,488839.58,29,808116/25/77053-ИП
7712040126,2025,Не завершено,Иные взыскания имущественного характера в пользу физических и юридических лиц,488839.58,29,848426/25/77053-ИП
7712040126,2025,Не завершено,Иные взыскания имущественного характера в пользу физических и юридических лиц,488839.58,29,855267/25/77053-ИП
7712040126,2025,Не завершено,Иные взыскания имущественного характера в пользу физических и юридических лиц,488839.58,29,863961/25/77053-ИП
7712040126,2025,Не завершено,Иные взыскания имущественного характера в пользу физических и юридических лиц,488839.58,29,87143/25/24014-ИП
7712040126,2025,Не завершено,Иные взыскания имущественного характера в пользу физических и юридических лиц,488839.58,29,871620/25/77053-ИП
7712040126,2025,Не завершено,Иные взыскания имущественного характера в пользу физических и юридических лиц,488839.58,29,874159/25/77053-ИП
7712040126,2025,Не завершено,Иные взыскания имущественного характера в пользу физических и юридических лиц,488839.58,29,880366/25/77053-ИП
7712040126,2025,Не завершено,Иные взыскания имущественного характера в пользу физических и юридических лиц,488839.58,29,881431/25/77053-ИП
7712040126,2025,Не завершено,Иные взыскания имущественного характера в пользу физических и юридических лиц,488839.58,29,883854/25/77053-ИП
7712040126,2025,Не завершено,Иные взыскания имущественного характера в пользу физических и юридических лиц,488839.58,29,900211/25/77053-ИП
7712040126,2025,Не завершено,Иные взыскания имущественного характера в пользу физических и юридических лиц,488839.58,29,901350/25/77053-ИП
7712040126,2025,Не завершено,Иные взыскания имущественного характера в пользу физических и юридических лиц,488839.58,29,938101/25/77053-ИП
7712040126,2025,Не завершено,Иные взыскания имущественного характера в пользу физических и юридических лиц,488839.58,29,947433/25/77053-ИП
7712040126,2025,Не завершено,"Госпошлина, присужденная судом",160913.79,30,111358/25/50043-ИП
7712040126,2025,Не завершено,"Госпошлина, присужденная судом",160913.79,30,13242/25/77053-ИП
7712040126,2025,Не завершено,"Госпошлина, присужденная судом",160913.79,30,188178/25/77053-ИП
7712040126,2025,Не завершено,"Госпошлина, присужденная судом",160913.79,30,234099/25/77007-ИП
7712040126,2025,Не завершено,"Госпошлина, присужденная судом",160913.79,30,239277/25/77053-ИП
7712040126,2025,Не завершено,"Госпошлина, присужденная судом",160913.79,30,259311/25/77053-ИП
7712040126,2025,Не завершено,"Госпошлина, присужденная судом",160913.79,30,308403/25/77032-ИП
7712040126,2025,Не завершено,"Госпошлина, присужденная судом",160913.79,30,588842/25/77053-ИП
7712040126,2025,Не завершено,"Госпошлина, присужденная судом",160913.79,30,592400/25/77053-ИП
7712040126,2025,Не завершено,"Госпошлина, присужденная судом",160913.79,30,59369/25/77053-ИП
7712040126,2025,Не завершено,"Госпошлина, присужденная судом",160913.79,30,678877/25/77053-ИП
7712040126,2025,Не завершено,"Госпошлина, присужденная судом",160913.79,30,684007/25/77053-ИП
7712040126,2025,Не завершено,"Госпошлина, присужденная судом",160913.79,30,714729/25/77053-ИП
7712040126,2025,Не завершено,"Госпошлина, присужденная судом",160913.79,30,74178/25/77053-ИП
7712040126,2025,Не завершено,"Госпошлина, присужденная судом",160913.79,30,752449/25/77053-ИП
7712040126,2025,Не завершено,"Госпошлина, присужденная судом",160913.79,30,85838/25/77053-ИП
7712040126,2025,Не завершено,"Госпошлина, присужденная судом",160913.79,30,865823/25/77053-ИП
7712040126,2025,Не завершено,"Госпошлина, присужденная судом",160913.79,30,86590/25/24014-ИП
7712040126,2025,Не завершено,"Госпошлина, присужденная судом",160913.79,30,871537/25/77053-ИП
7712040126,2025,Не завершено,"Госпошлина, присужденная судом",160913.79,30,889757/25/77053-ИП
7712040126,2025,Не завершено,"Госпошлина, присужденная судом",160913.79,30,889838/25/77053-ИП
7712040126,2025,Не завершено,"Госпошлина, присужденная судом",160913.79,30,889874/25/77053-ИП
7712040126,2025,Не завершено,"Госпошлина, присужденная судом",160913.79,30,889876/25/77053-ИП
7712040126,2025,Не завершено,"Госпошлина, присужденная судом",160913.79,30,906127/25/77053-ИП
7712040126,2025,Не завершено,"Госпошлина, присужденная судом",160913.79,30,911133/25/77053-ИП
7712040126,2025,Не завершено,"Госпошлина, присужденная судом",160913.79,30,911377/25/77053-ИП
7712040126,2025,Не завершено,"Госпошлина, присужденная судом",160913.79,30,916078/25/77053-ИП
7712040126,2025,Не завершено,"Госпошлина, присужденная судом",160913.79,30,927467/25/77053-ИП
7712040126,2025,Не завершено,"Госпошлина, присужденная судом",160913.79,30,935307/25/77053-ИП
7712040126,2025,Не завершено,"Госпошлина, присужденная судом",160913.79,30,942962/25/77053-ИП
